file,label,cls,split
smoking/smoking_001.jpg,1,smoking,test
smoking/smoking_002.jpg,1,smoking,train
smoking/smoking_003.jpg,1,smoking,test
smoking/smoking_004.jpg,1,smoking,test
smoking/smoking_005.jpg,1,smoking,train
smoking/smoking_006.jpg,1,smoking,test
smoking/smoking_007.jpg,1,smoking,test
smoking/smoking_008.jpg,1,smoking,train
smoking/smoking_009.jpg,1,smoking,train
smoking/smoking_010.jpg,1,smoking,train
smoking/smoking_011.jpg,1,smoking,train
smoking/smoking_012.jpg,1,smoking,test
smoking/smoking_013.jpg,1,smoking,test
smoking/smoking_014.jpg,1,smoking,train
smoking/smoking_015.jpg,1,smoking,test
smoking/smoking_016.jpg,1,smoking,test
smoking/smoking_017.jpg,1,smoking,train
smoking/smoking_018.jpg,1,smoking,test
smoking/smoking_019.jpg,1,smoking,test
smoking/smoking_020.jpg,1,smoking,train
smoking/smoking_021.jpg,1,smoking,train
smoking/smoking_022.jpg,1,smoking,test
smoking/smoking_023.jpg,1,smoking,test
smoking/smoking_024.jpg,1,smoking,train
smoking/smoking_025.jpg,1,smoking,test
smoking/smoking_026.jpg,1,smoking,train
smoking/smoking_027.jpg,1,smoking,test
smoking/smoking_028.jpg,1,smoking,train
smoking/smoking_029.jpg,1,smoking,test
smoking/smoking_030.jpg,1,smoking,test
smoking/smoking_031.jpg,1,smoking,train
smoking/smoking_032.jpg,1,smoking,test
smoking/smoking_033.jpg,1,smoking,test
smoking/smoking_034.jpg,1,smoking,test
smoking/smoking_035.jpg,1,smoking,train
smoking/smoking_036.jpg,1,smoking,test
smoking/smoking_037.jpg,1,smoking,test
smoking/smoking_038.jpg,1,smoking,train
smoking/smoking_039.jpg,1,smoking,test
smoking/smoking_040.jpg,1,smoking,test
smoking/smoking_041.jpg,1,smoking,test
smoking/smoking_042.jpg,1,smoking,train
smoking/smoking_043.jpg,1,smoking,test
smoking/smoking_044.jpg,1,smoking,test
smoking/smoking_045.jpg,1,smoking,test
smoking/smoking_046.jpg,1,smoking,test
smoking/smoking_047.jpg,1,smoking,test
smoking/smoking_048.jpg,1,smoking,train
smoking/smoking_049.jpg,1,smoking,test
smoking/smoking_050.jpg,1,smoking,train
smoking/smoking_051.jpg,1,smoking,train
smoking/smoking_052.jpg,1,smoking,test
smoking/smoking_053.jpg,1,smoking,test
smoking/smoking_054.jpg,1,smoking,test
smoking/smoking_055.jpg,1,smoking,test
smoking/smoking_056.jpg,1,smoking,test
smoking/smoking_057.jpg,1,smoking,test
smoking/smoking_058.jpg,1,smoking,train
smoking/smoking_059.jpg,1,smoking,test
smoking/smoking_060.jpg,1,smoking,test
smoking/smoking_061.jpg,1,smoking,train
smoking/smoking_062.jpg,1,smoking,train
smoking/smoking_063.jpg,1,smoking,train
smoking/smoking_064.jpg,1,smoking,train
smoking/smoking_065.jpg,1,smoking,test
smoking/smoking_066.jpg,1,smoking,test
smoking/smoking_067.jpg,1,smoking,test
smoking/smoking_068.jpg,1,smoking,test
smoking/smoking_069.jpg,1,smoking,train
smoking/smoking_070.jpg,1,smoking,train
smoking/smoking_071.jpg,1,smoking,train
smoking/smoking_072.jpg,1,smoking,train
smoking/smoking_073.jpg,1,smoking,test
smoking/smoking_074.jpg,1,smoking,train
smoking/smoking_075.jpg,1,smoking,train
smoking/smoking_076.jpg,1,smoking,train
smoking/smoking_077.jpg,1,smoking,test
smoking/smoking_078.jpg,1,smoking,test
smoking/smoking_079.jpg,1,smoking,test
smoking/smoking_080.jpg,1,smoking,test
smoking/smoking_081.jpg,1,smoking,test
smoking/smoking_082.jpg,1,smoking,test
smoking/smoking_083.jpg,1,smoking,train
smoking/smoking_084.jpg,1,smoking,test
smoking/smoking_085.jpg,1,smoking,test
smoking/smoking_086.jpg,1,smoking,test
smoking/smoking_087.jpg,1,smoking,test
smoking/smoking_088.jpg,1,smoking,test
smoking/smoking_089.jpg,1,smoking,train
smoking/smoking_090.jpg,1,smoking,train
smoking/smoking_091.jpg,1,smoking,test
smoking/smoking_092.jpg,1,smoking,test
smoking/smoking_093.jpg,1,smoking,train
smoking/smoking_094.jpg,1,smoking,test
smoking/smoking_095.jpg,1,smoking,test
smoking/smoking_096.jpg,1,smoking,test
smoking/smoking_097.jpg,1,smoking,train
smoking/smoking_098.jpg,1,smoking,test
smoking/smoking_099.jpg,1,smoking,test
smoking/smoking_100.jpg,1,smoking,train
smoking/smoking_101.jpg,1,smoking,test
smoking/smoking_102.jpg,1,smoking,train
smoking/smoking_103.jpg,1,smoking,test
smoking/smoking_104.jpg,1,smoking,train
smoking/smoking_105.jpg,1,smoking,test
smoking/smoking_106.jpg,1,smoking,train
smoking/smoking_107.jpg,1,smoking,test
smoking/smoking_108.jpg,1,smoking,test
smoking/smoking_109.jpg,1,smoking,test
smoking/smoking_110.jpg,1,smoking,test
smoking/smoking_111.jpg,1,smoking,test
smoking/smoking_112.jpg,1,smoking,test
smoking/smoking_113.jpg,1,smoking,train
smoking/smoking_114.jpg,1,smoking,train
smoking/smoking_115.jpg,1,smoking,test
smoking/smoking_116.jpg,1,smoking,test
smoking/smoking_117.jpg,1,smoking,test
smoking/smoking_118.jpg,1,smoking,test
smoking/smoking_119.jpg,1,smoking,test
smoking/smoking_120.jpg,1,smoking,test
smoking/smoking_121.jpg,1,smoking,train
smoking/smoking_122.jpg,1,smoking,train
smoking/smoking_123.jpg,1,smoking,test
smoking/smoking_124.jpg,1,smoking,test
smoking/smoking_125.jpg,1,smoking,train
smoking/smoking_126.jpg,1,smoking,test
smoking/smoking_127.jpg,1,smoking,train
smoking/smoking_128.jpg,1,smoking,train
smoking/smoking_129.jpg,1,smoking,test
smoking/smoking_130.jpg,1,smoking,train
smoking/smoking_131.jpg,1,smoking,test
smoking/smoking_132.jpg,1,smoking,test
smoking/smoking_133.jpg,1,smoking,train
smoking/smoking_134.jpg,1,smoking,train
smoking/smoking_135.jpg,1,smoking,train
smoking/smoking_136.jpg,1,smoking,test
smoking/smoking_137.jpg,1,smoking,train
smoking/smoking_138.jpg,1,smoking,test
smoking/smoking_139.jpg,1,smoking,test
smoking/smoking_140.jpg,1,smoking,train
smoking/smoking_141.jpg,1,smoking,train
smoking/smoking_142.jpg,1,smoking,test
smoking/smoking_143.jpg,1,smoking,train
smoking/smoking_144.jpg,1,smoking,test
smoking/smoking_145.jpg,1,smoking,train
smoking/smoking_146.jpg,1,smoking,train
smoking/smoking_147.jpg,1,smoking,test
smoking/smoking_148.jpg,1,smoking,test
smoking/smoking_149.jpg,1,smoking,test
smoking/smoking_150.jpg,1,smoking,test
smoking/smoking_151.jpg,1,smoking,test
smoking/smoking_152.jpg,1,smoking,test
smoking/smoking_153.jpg,1,smoking,train
smoking/smoking_154.jpg,1,smoking,test
smoking/smoking_155.jpg,1,smoking,test
smoking/smoking_156.jpg,1,smoking,train
smoking/smoking_157.jpg,1,smoking,test
smoking/smoking_158.jpg,1,smoking,test
smoking/smoking_159.jpg,1,smoking,test
smoking/smoking_160.jpg,1,smoking,train
smoking/smoking_161.jpg,1,smoking,test
smoking/smoking_162.jpg,1,smoking,train
smoking/smoking_163.jpg,1,smoking,train
smoking/smoking_164.jpg,1,smoking,test
smoking/smoking_165.jpg,1,smoking,test
smoking/smoking_166.jpg,1,smoking,test
smoking/smoking_167.jpg,1,smoking,train
smoking/smoking_168.jpg,1,smoking,train
smoking/smoking_169.jpg,1,smoking,test
smoking/smoking_170.jpg,1,smoking,train
smoking/smoking_171.jpg,1,smoking,test
smoking/smoking_172.jpg,1,smoking,train
smoking/smoking_173.jpg,1,smoking,test
smoking/smoking_174.jpg,1,smoking,test
smoking/smoking_175.jpg,1,smoking,train
smoking/smoking_176.jpg,1,smoking,train
smoking/smoking_177.jpg,1,smoking,test
smoking/smoking_178.jpg,1,smoking,test
smoking/smoking_179.jpg,1,smoking,test
smoking/smoking_180.jpg,1,smoking,train
smoking/smoking_181.jpg,1,smoking,train
smoking/smoking_182.jpg,1,smoking,train
smoking/smoking_183.jpg,1,smoking,test
smoking/smoking_184.jpg,1,smoking,test
smoking/smoking_185.jpg,1,smoking,train
smoking/smoking_186.jpg,1,smoking,test
smoking/smoking_187.jpg,1,smoking,test
smoking/smoking_188.jpg,1,smoking,test
smoking/smoking_189.jpg,1,smoking,train
smoking/smoking_190.jpg,1,smoking,test
smoking/smoking_191.jpg,1,smoking,train
smoking/smoking_192.jpg,1,smoking,train
smoking/smoking_193.jpg,1,smoking,train
smoking/smoking_194.jpg,1,smoking,test
smoking/smoking_195.jpg,1,smoking,train
smoking/smoking_196.jpg,1,smoking,test
smoking/smoking_197.jpg,1,smoking,test
smoking/smoking_198.jpg,1,smoking,train
smoking/smoking_199.jpg,1,smoking,train
smoking/smoking_200.jpg,1,smoking,test
smoking/smoking_201.jpg,1,smoking,test
smoking/smoking_202.jpg,1,smoking,train
smoking/smoking_203.jpg,1,smoking,test
smoking/smoking_204.jpg,1,smoking,train
smoking/smoking_205.jpg,1,smoking,test
smoking/smoking_206.jpg,1,smoking,test
smoking/smoking_207.jpg,1,smoking,test
smoking/smoking_208.jpg,1,smoking,train
smoking/smoking_209.jpg,1,smoking,test
smoking/smoking_210.jpg,1,smoking,train
smoking/smoking_211.jpg,1,smoking,test
smoking/smoking_212.jpg,1,smoking,test
smoking/smoking_213.jpg,1,smoking,train
smoking/smoking_214.jpg,1,smoking,train
smoking/smoking_215.jpg,1,smoking,train
smoking/smoking_216.jpg,1,smoking,train
smoking/smoking_217.jpg,1,smoking,train
smoking/smoking_218.jpg,1,smoking,train
smoking/smoking_219.jpg,1,smoking,test
smoking/smoking_220.jpg,1,smoking,train
smoking/smoking_221.jpg,1,smoking,train
smoking/smoking_222.jpg,1,smoking,train
smoking/smoking_223.jpg,1,smoking,train
smoking/smoking_224.jpg,1,smoking,train
smoking/smoking_225.jpg,1,smoking,test
smoking/smoking_226.jpg,1,smoking,test
smoking/smoking_227.jpg,1,smoking,test
smoking/smoking_228.jpg,1,smoking,train
smoking/smoking_229.jpg,1,smoking,test
smoking/smoking_230.jpg,1,smoking,train
smoking/smoking_231.jpg,1,smoking,train
smoking/smoking_232.jpg,1,smoking,train
smoking/smoking_233.jpg,1,smoking,test
smoking/smoking_234.jpg,1,smoking,test
smoking/smoking_235.jpg,1,smoking,test
smoking/smoking_236.jpg,1,smoking,train
smoking/smoking_237.jpg,1,smoking,test
smoking/smoking_238.jpg,1,smoking,test
smoking/smoking_239.jpg,1,smoking,test
smoking/smoking_240.jpg,1,smoking,test
smoking/smoking_241.jpg,1,smoking,test
drinking/drinking_001.jpg,0,drinking,train
drinking/drinking_002.jpg,0,drinking,test
drinking/drinking_003.jpg,0,drinking,test
drinking/drinking_004.jpg,0,drinking,test
drinking/drinking_005.jpg,0,drinking,test
drinking/drinking_006.jpg,0,drinking,train
drinking/drinking_007.jpg,0,drinking,test
drinking/drinking_008.jpg,0,drinking,train
drinking/drinking_009.jpg,0,drinking,test
drinking/drinking_010.jpg,0,drinking,test
drinking/drinking_011.jpg,0,drinking,train
drinking/drinking_012.jpg,0,drinking,test
drinking/drinking_013.jpg,0,drinking,test
drinking/drinking_014.jpg,0,drinking,test
drinking/drinking_015.jpg,0,drinking,train
drinking/drinking_016.jpg,0,drinking,train
drinking/drinking_017.jpg,0,drinking,train
drinking/drinking_018.jpg,0,drinking,test
drinking/drinking_019.jpg,0,drinking,test
drinking/drinking_020.jpg,0,drinking,test
drinking/drinking_021.jpg,0,drinking,test
drinking/drinking_022.jpg,0,drinking,test
drinking/drinking_023.jpg,0,drinking,test
drinking/drinking_024.jpg,0,drinking,test
drinking/drinking_025.jpg,0,drinking,train
drinking/drinking_026.jpg,0,drinking,test
drinking/drinking_027.jpg,0,drinking,train
drinking/drinking_028.jpg,0,drinking,test
drinking/drinking_029.jpg,0,drinking,test
drinking/drinking_030.jpg,0,drinking,test
drinking/drinking_031.jpg,0,drinking,train
drinking/drinking_032.jpg,0,drinking,train
drinking/drinking_033.jpg,0,drinking,test
drinking/drinking_034.jpg,0,drinking,test
drinking/drinking_035.jpg,0,drinking,train
drinking/drinking_036.jpg,0,drinking,test
drinking/drinking_037.jpg,0,drinking,train
drinking/drinking_038.jpg,0,drinking,train
drinking/drinking_039.jpg,0,drinking,test
drinking/drinking_040.jpg,0,drinking,train
drinking/drinking_041.jpg,0,drinking,test
drinking/drinking_042.jpg,0,drinking,test
drinking/drinking_043.jpg,0,drinking,test
drinking/drinking_044.jpg,0,drinking,train
drinking/drinking_045.jpg,0,drinking,test
drinking/drinking_046.jpg,0,drinking,test
drinking/drinking_047.jpg,0,drinking,train
drinking/drinking_048.jpg,0,drinking,test
drinking/drinking_049.jpg,0,drinking,test
drinking/drinking_050.jpg,0,drinking,test
drinking/drinking_051.jpg,0,drinking,test
drinking/drinking_052.jpg,0,drinking,test
drinking/drinking_053.jpg,0,drinking,train
drinking/drinking_054.jpg,0,drinking,test
drinking/drinking_055.jpg,0,drinking,test
drinking/drinking_056.jpg,0,drinking,test
drinking/drinking_057.jpg,0,drinking,train
drinking/drinking_058.jpg,0,drinking,train
drinking/drinking_059.jpg,0,drinking,test
drinking/drinking_060.jpg,0,drinking,test
drinking/drinking_061.jpg,0,drinking,train
drinking/drinking_062.jpg,0,drinking,test
drinking/drinking_063.jpg,0,drinking,train
drinking/drinking_064.jpg,0,drinking,test
drinking/drinking_065.jpg,0,drinking,test
drinking/drinking_066.jpg,0,drinking,test
drinking/drinking_067.jpg,0,drinking,train
drinking/drinking_068.jpg,0,drinking,test
drinking/drinking_069.jpg,0,drinking,test
drinking/drinking_070.jpg,0,drinking,test
drinking/drinking_071.jpg,0,drinking,test
drinking/drinking_072.jpg,0,drinking,test
drinking/drinking_073.jpg,0,drinking,test
drinking/drinking_074.jpg,0,drinking,train
drinking/drinking_075.jpg,0,drinking,test
drinking/drinking_076.jpg,0,drinking,test
drinking/drinking_077.jpg,0,drinking,train
drinking/drinking_078.jpg,0,drinking,test
drinking/drinking_079.jpg,0,drinking,train
drinking/drinking_080.jpg,0,drinking,train
drinking/drinking_081.jpg,0,drinking,test
drinking/drinking_082.jpg,0,drinking,train
drinking/drinking_083.jpg,0,drinking,test
drinking/drinking_084.jpg,0,drinking,test
drinking/drinking_085.jpg,0,drinking,train
drinking/drinking_086.jpg,0,drinking,test
drinking/drinking_087.jpg,0,drinking,test
drinking/drinking_088.jpg,0,drinking,test
drinking/drinking_089.jpg,0,drinking,test
drinking/drinking_090.jpg,0,drinking,test
drinking/drinking_091.jpg,0,drinking,test
drinking/drinking_092.jpg,0,drinking,train
drinking/drinking_093.jpg,0,drinking,train
drinking/drinking_094.jpg,0,drinking,test
drinking/drinking_095.jpg,0,drinking,test
drinking/drinking_096.jpg,0,drinking,test
drinking/drinking_097.jpg,0,drinking,test
drinking/drinking_098.jpg,0,drinking,test
drinking/drinking_099.jpg,0,drinking,test
drinking/drinking_100.jpg,0,drinking,test
drinking/drinking_101.jpg,0,drinking,test
drinking/drinking_102.jpg,0,drinking,train
drinking/drinking_103.jpg,0,drinking,test
drinking/drinking_104.jpg,0,drinking,test
drinking/drinking_105.jpg,0,drinking,train
drinking/drinking_106.jpg,0,drinking,test
drinking/drinking_107.jpg,0,drinking,test
drinking/drinking_108.jpg,0,drinking,test
drinking/drinking_109.jpg,0,drinking,test
drinking/drinking_110.jpg,0,drinking,train
drinking/drinking_111.jpg,0,drinking,train
drinking/drinking_112.jpg,0,drinking,test
drinking/drinking_113.jpg,0,drinking,test
drinking/drinking_114.jpg,0,drinking,test
drinking/drinking_115.jpg,0,drinking,train
drinking/drinking_116.jpg,0,drinking,train
drinking/drinking_117.jpg,0,drinking,test
drinking/drinking_118.jpg,0,drinking,train
drinking/drinking_119.jpg,0,drinking,test
drinking/drinking_120.jpg,0,drinking,test
drinking/drinking_121.jpg,0,drinking,train
drinking/drinking_122.jpg,0,drinking,train
drinking/drinking_123.jpg,0,drinking,test
drinking/drinking_124.jpg,0,drinking,test
drinking/drinking_125.jpg,0,drinking,test
drinking/drinking_126.jpg,0,drinking,test
drinking/drinking_127.jpg,0,drinking,train
drinking/drinking_128.jpg,0,drinking,test
drinking/drinking_129.jpg,0,drinking,test
drinking/drinking_130.jpg,0,drinking,test
drinking/drinking_131.jpg,0,drinking,test
drinking/drinking_132.jpg,0,drinking,test
drinking/drinking_133.jpg,0,drinking,train
drinking/drinking_134.jpg,0,drinking,test
drinking/drinking_135.jpg,0,drinking,test
drinking/drinking_136.jpg,0,drinking,train
drinking/drinking_137.jpg,0,drinking,test
drinking/drinking_138.jpg,0,drinking,test
drinking/drinking_139.jpg,0,drinking,train
drinking/drinking_140.jpg,0,drinking,train
drinking/drinking_141.jpg,0,drinking,test
drinking/drinking_142.jpg,0,drinking,train
drinking/drinking_143.jpg,0,drinking,test
drinking/drinking_144.jpg,0,drinking,train
drinking/drinking_145.jpg,0,drinking,train
drinking/drinking_146.jpg,0,drinking,test
drinking/drinking_147.jpg,0,drinking,train
drinking/drinking_148.jpg,0,drinking,test
drinking/drinking_149.jpg,0,drinking,train
drinking/drinking_150.jpg,0,drinking,test
drinking/drinking_151.jpg,0,drinking,test
drinking/drinking_152.jpg,0,drinking,train
drinking/drinking_153.jpg,0,drinking,test
drinking/drinking_154.jpg,0,drinking,test
drinking/drinking_155.jpg,0,drinking,test
drinking/drinking_156.jpg,0,drinking,train
drinking/drinking_157.jpg,0,drinking,test
drinking/drinking_158.jpg,0,drinking,test
drinking/drinking_159.jpg,0,drinking,train
drinking/drinking_160.jpg,0,drinking,train
drinking/drinking_161.jpg,0,drinking,test
drinking/drinking_162.jpg,0,drinking,test
drinking/drinking_163.jpg,0,drinking,test
drinking/drinking_164.jpg,0,drinking,train
drinking/drinking_165.jpg,0,drinking,test
drinking/drinking_166.jpg,0,drinking,train
drinking/drinking_167.jpg,0,drinking,test
drinking/drinking_168.jpg,0,drinking,train
drinking/drinking_169.jpg,0,drinking,train
drinking/drinking_170.jpg,0,drinking,train
drinking/drinking_171.jpg,0,drinking,test
drinking/drinking_172.jpg,0,drinking,test
drinking/drinking_173.jpg,0,drinking,test
drinking/drinking_174.jpg,0,drinking,train
drinking/drinking_175.jpg,0,drinking,test
drinking/drinking_176.jpg,0,drinking,train
drinking/drinking_177.jpg,0,drinking,test
drinking/drinking_178.jpg,0,drinking,train
drinking/drinking_179.jpg,0,drinking,test
drinking/drinking_180.jpg,0,drinking,test
drinking/drinking_181.jpg,0,drinking,train
drinking/drinking_182.jpg,0,drinking,test
drinking/drinking_183.jpg,0,drinking,train
drinking/drinking_184.jpg,0,drinking,train
drinking/drinking_185.jpg,0,drinking,train
drinking/drinking_186.jpg,0,drinking,train
drinking/drinking_187.jpg,0,drinking,test
drinking/drinking_188.jpg,0,drinking,test
drinking/drinking_189.jpg,0,drinking,test
drinking/drinking_190.jpg,0,drinking,test
drinking/drinking_191.jpg,0,drinking,test
drinking/drinking_192.jpg,0,drinking,test
drinking/drinking_193.jpg,0,drinking,train
drinking/drinking_194.jpg,0,drinking,test
drinking/drinking_195.jpg,0,drinking,train
drinking/drinking_196.jpg,0,drinking,train
drinking/drinking_197.jpg,0,drinking,train
drinking/drinking_198.jpg,0,drinking,train
drinking/drinking_199.jpg,0,drinking,test
drinking/drinking_200.jpg,0,drinking,test
drinking/drinking_201.jpg,0,drinking,test
drinking/drinking_202.jpg,0,drinking,test
drinking/drinking_203.jpg,0,drinking,train
drinking/drinking_204.jpg,0,drinking,train
drinking/drinking_205.jpg,0,drinking,test
drinking/drinking_206.jpg,0,drinking,train
drinking/drinking_207.jpg,0,drinking,train
drinking/drinking_208.jpg,0,drinking,train
drinking/drinking_209.jpg,0,drinking,train
drinking/drinking_210.jpg,0,drinking,train
drinking/drinking_211.jpg,0,drinking,test
drinking/drinking_212.jpg,0,drinking,train
drinking/drinking_213.jpg,0,drinking,train
drinking/drinking_214.jpg,0,drinking,test
drinking/drinking_215.jpg,0,drinking,train
drinking/drinking_216.jpg,0,drinking,train
drinking/drinking_217.jpg,0,drinking,test
drinking/drinking_218.jpg,0,drinking,test
drinking/drinking_219.jpg,0,drinking,test
drinking/drinking_220.jpg,0,drinking,test
drinking/drinking_221.jpg,0,drinking,train
drinking/drinking_222.jpg,0,drinking,train
drinking/drinking_223.jpg,0,drinking,test
drinking/drinking_224.jpg,0,drinking,test
drinking/drinking_225.jpg,0,drinking,test
drinking/drinking_226.jpg,0,drinking,train
drinking/drinking_227.jpg,0,drinking,test
drinking/drinking_228.jpg,0,drinking,test
drinking/drinking_229.jpg,0,drinking,train
drinking/drinking_230.jpg,0,drinking,train
drinking/drinking_231.jpg,0,drinking,train
drinking/drinking_232.jpg,0,drinking,train
drinking/drinking_233.jpg,0,drinking,test
drinking/drinking_234.jpg,0,drinking,test
drinking/drinking_235.jpg,0,drinking,test
drinking/drinking_236.jpg,0,drinking,test
drinking/drinking_237.jpg,0,drinking,train
drinking/drinking_238.jpg,0,drinking,train
drinking/drinking_239.jpg,0,drinking,test
drinking/drinking_240.jpg,0,drinking,train
drinking/drinking_241.jpg,0,drinking,test
drinking/drinking_242.jpg,0,drinking,train
drinking/drinking_243.jpg,0,drinking,train
drinking/drinking_244.jpg,0,drinking,train
drinking/drinking_245.jpg,0,drinking,test
drinking/drinking_246.jpg,0,drinking,train
drinking/drinking_247.jpg,0,drinking,train
drinking/drinking_248.jpg,0,drinking,test
drinking/drinking_249.jpg,0,drinking,test
drinking/drinking_250.jpg,0,drinking,test
drinking/drinking_251.jpg,0,drinking,test
drinking/drinking_252.jpg,0,drinking,train
drinking/drinking_253.jpg,0,drinking,test
drinking/drinking_254.jpg,0,drinking,train
drinking/drinking_255.jpg,0,drinking,test
drinking/drinking_256.jpg,0,drinking,test
phoning/phoning_001.jpg,0,phoning,test
phoning/phoning_002.jpg,0,phoning,train
phoning/phoning_003.jpg,0,phoning,train
phoning/phoning_004.jpg,0,phoning,test
phoning/phoning_005.jpg,0,phoning,train
phoning/phoning_006.jpg,0,phoning,test
phoning/phoning_007.jpg,0,phoning,train
phoning/phoning_008.jpg,0,phoning,test
phoning/phoning_009.jpg,0,phoning,train
phoning/phoning_010.jpg,0,phoning,train
phoning/phoning_011.jpg,0,phoning,train
phoning/phoning_012.jpg,0,phoning,train
phoning/phoning_013.jpg,0,phoning,test
phoning/phoning_014.jpg,0,phoning,test
phoning/phoning_015.jpg,0,phoning,test
phoning/phoning_016.jpg,0,phoning,test
phoning/phoning_017.jpg,0,phoning,train
phoning/phoning_018.jpg,0,phoning,test
phoning/phoning_019.jpg,0,phoning,train
phoning/phoning_020.jpg,0,phoning,train
phoning/phoning_021.jpg,0,phoning,test
phoning/phoning_022.jpg,0,phoning,test
phoning/phoning_023.jpg,0,phoning,test
phoning/phoning_024.jpg,0,phoning,test
phoning/phoning_025.jpg,0,phoning,train
phoning/phoning_026.jpg,0,phoning,test
phoning/phoning_027.jpg,0,phoning,test
phoning/phoning_028.jpg,0,phoning,train
phoning/phoning_029.jpg,0,phoning,train
phoning/phoning_030.jpg,0,phoning,test
phoning/phoning_031.jpg,0,phoning,test
phoning/phoning_032.jpg,0,phoning,train
phoning/phoning_033.jpg,0,phoning,train
phoning/phoning_034.jpg,0,phoning,test
phoning/phoning_035.jpg,0,phoning,test
phoning/phoning_036.jpg,0,phoning,test
phoning/phoning_037.jpg,0,phoning,test
phoning/phoning_038.jpg,0,phoning,test
phoning/phoning_039.jpg,0,phoning,test
phoning/phoning_040.jpg,0,phoning,test
phoning/phoning_041.jpg,0,phoning,test
phoning/phoning_042.jpg,0,phoning,test
phoning/phoning_043.jpg,0,phoning,test
phoning/phoning_044.jpg,0,phoning,test
phoning/phoning_045.jpg,0,phoning,train
phoning/phoning_046.jpg,0,phoning,train
phoning/phoning_047.jpg,0,phoning,test
phoning/phoning_048.jpg,0,phoning,test
phoning/phoning_049.jpg,0,phoning,train
phoning/phoning_050.jpg,0,phoning,train
phoning/phoning_051.jpg,0,phoning,test
phoning/phoning_052.jpg,0,phoning,train
phoning/phoning_053.jpg,0,phoning,test
phoning/phoning_054.jpg,0,phoning,train
phoning/phoning_055.jpg,0,phoning,train
phoning/phoning_056.jpg,0,phoning,test
phoning/phoning_057.jpg,0,phoning,test
phoning/phoning_058.jpg,0,phoning,test
phoning/phoning_059.jpg,0,phoning,test
phoning/phoning_060.jpg,0,phoning,test
phoning/phoning_061.jpg,0,phoning,test
phoning/phoning_062.jpg,0,phoning,test
phoning/phoning_063.jpg,0,phoning,train
phoning/phoning_064.jpg,0,phoning,test
phoning/phoning_065.jpg,0,phoning,test
phoning/phoning_066.jpg,0,phoning,train
phoning/phoning_067.jpg,0,phoning,test
phoning/phoning_068.jpg,0,phoning,train
phoning/phoning_069.jpg,0,phoning,train
phoning/phoning_070.jpg,0,phoning,train
phoning/phoning_071.jpg,0,phoning,train
phoning/phoning_072.jpg,0,phoning,test
phoning/phoning_073.jpg,0,phoning,test
phoning/phoning_074.jpg,0,phoning,test
phoning/phoning_075.jpg,0,phoning,train
phoning/phoning_076.jpg,0,phoning,train
phoning/phoning_077.jpg,0,phoning,train
phoning/phoning_078.jpg,0,phoning,test
phoning/phoning_079.jpg,0,phoning,train
phoning/phoning_080.jpg,0,phoning,train
phoning/phoning_081.jpg,0,phoning,train
phoning/phoning_082.jpg,0,phoning,test
phoning/phoning_083.jpg,0,phoning,test
phoning/phoning_084.jpg,0,phoning,test
phoning/phoning_085.jpg,0,phoning,test
phoning/phoning_086.jpg,0,phoning,train
phoning/phoning_087.jpg,0,phoning,train
phoning/phoning_088.jpg,0,phoning,test
phoning/phoning_089.jpg,0,phoning,train
phoning/phoning_090.jpg,0,phoning,test
phoning/phoning_091.jpg,0,phoning,test
phoning/phoning_092.jpg,0,phoning,test
phoning/phoning_093.jpg,0,phoning,test
phoning/phoning_094.jpg,0,phoning,test
phoning/phoning_095.jpg,0,phoning,test
phoning/phoning_096.jpg,0,phoning,train
phoning/phoning_097.jpg,0,phoning,test
phoning/phoning_098.jpg,0,phoning,train
phoning/phoning_099.jpg,0,phoning,test
phoning/phoning_100.jpg,0,phoning,train
phoning/phoning_101.jpg,0,phoning,test
phoning/phoning_102.jpg,0,phoning,train
phoning/phoning_103.jpg,0,phoning,test
phoning/phoning_104.jpg,0,phoning,test
phoning/phoning_105.jpg,0,phoning,test
phoning/phoning_106.jpg,0,phoning,train
phoning/phoning_107.jpg,0,phoning,train
phoning/phoning_108.jpg,0,phoning,test
phoning/phoning_109.jpg,0,phoning,train
phoning/phoning_110.jpg,0,phoning,test
phoning/phoning_111.jpg,0,phoning,train
phoning/phoning_112.jpg,0,phoning,test
phoning/phoning_113.jpg,0,phoning,test
phoning/phoning_114.jpg,0,phoning,test
phoning/phoning_115.jpg,0,phoning,test
phoning/phoning_116.jpg,0,phoning,test
phoning/phoning_117.jpg,0,phoning,train
phoning/phoning_118.jpg,0,phoning,train
phoning/phoning_119.jpg,0,phoning,test
phoning/phoning_120.jpg,0,phoning,test
phoning/phoning_121.jpg,0,phoning,test
phoning/phoning_122.jpg,0,phoning,test
phoning/phoning_123.jpg,0,phoning,test
phoning/phoning_124.jpg,0,phoning,train
phoning/phoning_125.jpg,0,phoning,test
phoning/phoning_126.jpg,0,phoning,test
phoning/phoning_127.jpg,0,phoning,train
phoning/phoning_128.jpg,0,phoning,train
phoning/phoning_129.jpg,0,phoning,test
phoning/phoning_130.jpg,0,phoning,test
phoning/phoning_131.jpg,0,phoning,test
phoning/phoning_132.jpg,0,phoning,test
phoning/phoning_133.jpg,0,phoning,test
phoning/phoning_134.jpg,0,phoning,test
phoning/phoning_135.jpg,0,phoning,test
phoning/phoning_136.jpg,0,phoning,test
phoning/phoning_137.jpg,0,phoning,test
phoning/phoning_138.jpg,0,phoning,test
phoning/phoning_139.jpg,0,phoning,test
phoning/phoning_140.jpg,0,phoning,train
phoning/phoning_141.jpg,0,phoning,train
phoning/phoning_142.jpg,0,phoning,test
phoning/phoning_143.jpg,0,phoning,train
phoning/phoning_144.jpg,0,phoning,train
phoning/phoning_145.jpg,0,phoning,test
phoning/phoning_146.jpg,0,phoning,train
phoning/phoning_147.jpg,0,phoning,train
phoning/phoning_148.jpg,0,phoning,train
phoning/phoning_149.jpg,0,phoning,test
phoning/phoning_150.jpg,0,phoning,test
phoning/phoning_151.jpg,0,phoning,test
phoning/phoning_152.jpg,0,phoning,test
phoning/phoning_153.jpg,0,phoning,train
phoning/phoning_154.jpg,0,phoning,test
phoning/phoning_155.jpg,0,phoning,test
phoning/phoning_156.jpg,0,phoning,test
phoning/phoning_157.jpg,0,phoning,train
phoning/phoning_158.jpg,0,phoning,train
phoning/phoning_159.jpg,0,phoning,test
phoning/phoning_160.jpg,0,phoning,test
phoning/phoning_161.jpg,0,phoning,train
phoning/phoning_162.jpg,0,phoning,train
phoning/phoning_163.jpg,0,phoning,train
phoning/phoning_164.jpg,0,phoning,train
phoning/phoning_165.jpg,0,phoning,test
phoning/phoning_166.jpg,0,phoning,train
phoning/phoning_167.jpg,0,phoning,test
phoning/phoning_168.jpg,0,phoning,train
phoning/phoning_169.jpg,0,phoning,test
phoning/phoning_170.jpg,0,phoning,test
phoning/phoning_171.jpg,0,phoning,test
phoning/phoning_172.jpg,0,phoning,test
phoning/phoning_173.jpg,0,phoning,test
phoning/phoning_174.jpg,0,phoning,train
phoning/phoning_175.jpg,0,phoning,train
phoning/phoning_176.jpg,0,phoning,test
phoning/phoning_177.jpg,0,phoning,train
phoning/phoning_178.jpg,0,phoning,train
phoning/phoning_179.jpg,0,phoning,test
phoning/phoning_180.jpg,0,phoning,test
phoning/phoning_181.jpg,0,phoning,train
phoning/phoning_182.jpg,0,phoning,train
phoning/phoning_183.jpg,0,phoning,test
phoning/phoning_184.jpg,0,phoning,test
phoning/phoning_185.jpg,0,phoning,train
phoning/phoning_186.jpg,0,phoning,train
phoning/phoning_187.jpg,0,phoning,train
phoning/phoning_188.jpg,0,phoning,test
phoning/phoning_189.jpg,0,phoning,test
phoning/phoning_190.jpg,0,phoning,test
phoning/phoning_191.jpg,0,phoning,test
phoning/phoning_192.jpg,0,phoning,train
phoning/phoning_193.jpg,0,phoning,test
phoning/phoning_194.jpg,0,phoning,test
phoning/phoning_195.jpg,0,phoning,test
phoning/phoning_196.jpg,0,phoning,test
phoning/phoning_197.jpg,0,phoning,train
phoning/phoning_198.jpg,0,phoning,test
phoning/phoning_199.jpg,0,phoning,test
phoning/phoning_200.jpg,0,phoning,test
phoning/phoning_201.jpg,0,phoning,train
phoning/phoning_202.jpg,0,phoning,test
phoning/phoning_203.jpg,0,phoning,test
phoning/phoning_204.jpg,0,phoning,test
phoning/phoning_205.jpg,0,phoning,test
phoning/phoning_206.jpg,0,phoning,test
phoning/phoning_207.jpg,0,phoning,test
phoning/phoning_208.jpg,0,phoning,test
phoning/phoning_209.jpg,0,phoning,train
phoning/phoning_210.jpg,0,phoning,test
phoning/phoning_211.jpg,0,phoning,test
phoning/phoning_212.jpg,0,phoning,train
phoning/phoning_213.jpg,0,phoning,test
phoning/phoning_214.jpg,0,phoning,train
phoning/phoning_215.jpg,0,phoning,test
phoning/phoning_216.jpg,0,phoning,train
phoning/phoning_217.jpg,0,phoning,test
phoning/phoning_218.jpg,0,phoning,train
phoning/phoning_219.jpg,0,phoning,test
phoning/phoning_220.jpg,0,phoning,train
phoning/phoning_221.jpg,0,phoning,train
phoning/phoning_222.jpg,0,phoning,test
phoning/phoning_223.jpg,0,phoning,train
phoning/phoning_224.jpg,0,phoning,test
phoning/phoning_225.jpg,0,phoning,test
phoning/phoning_226.jpg,0,phoning,test
phoning/phoning_227.jpg,0,phoning,test
phoning/phoning_228.jpg,0,phoning,train
phoning/phoning_229.jpg,0,phoning,test
phoning/phoning_230.jpg,0,phoning,test
phoning/phoning_231.jpg,0,phoning,train
phoning/phoning_232.jpg,0,phoning,train
phoning/phoning_233.jpg,0,phoning,test
phoning/phoning_234.jpg,0,phoning,test
phoning/phoning_235.jpg,0,phoning,test
phoning/phoning_236.jpg,0,phoning,test
phoning/phoning_237.jpg,0,phoning,test
phoning/phoning_238.jpg,0,phoning,test
phoning/phoning_239.jpg,0,phoning,train
phoning/phoning_240.jpg,0,phoning,train
phoning/phoning_241.jpg,0,phoning,test
phoning/phoning_242.jpg,0,phoning,train
phoning/phoning_243.jpg,0,phoning,test
phoning/phoning_244.jpg,0,phoning,train
phoning/phoning_245.jpg,0,phoning,train
phoning/phoning_246.jpg,0,phoning,train
phoning/phoning_247.jpg,0,phoning,test
phoning/phoning_248.jpg,0,phoning,test
phoning/phoning_249.jpg,0,phoning,train
phoning/phoning_250.jpg,0,phoning,test
phoning/phoning_251.jpg,0,phoning,test
phoning/phoning_252.jpg,0,phoning,test
phoning/phoning_253.jpg,0,phoning,test
phoning/phoning_254.jpg,0,phoning,train
phoning/phoning_255.jpg,0,phoning,train
phoning/phoning_256.jpg,0,phoning,train
phoning/phoning_257.jpg,0,phoning,test
phoning/phoning_258.jpg,0,phoning,test
phoning/phoning_259.jpg,0,phoning,test
texting_message/texting_message_001.jpg,0,texting_message,test
texting_message/texting_message_002.jpg,0,texting_message,test
texting_message/texting_message_003.jpg,0,texting_message,test
texting_message/texting_message_004.jpg,0,texting_message,train
texting_message/texting_message_005.jpg,0,texting_message,train
texting_message/texting_message_006.jpg,0,texting_message,train
texting_message/texting_message_007.jpg,0,texting_message,test
texting_message/texting_message_008.jpg,0,texting_message,train
texting_message/texting_message_009.jpg,0,texting_message,train
texting_message/texting_message_010.jpg,0,texting_message,train
texting_message/texting_message_011.jpg,0,texting_message,test
texting_message/texting_message_012.jpg,0,texting_message,test
texting_message/texting_message_013.jpg,0,texting_message,test
texting_message/texting_message_014.jpg,0,texting_message,test
texting_message/texting_message_015.jpg,0,texting_message,train
texting_message/texting_message_016.jpg,0,texting_message,train
texting_message/texting_message_017.jpg,0,texting_message,test
texting_message/texting_message_018.jpg,0,texting_message,train
texting_message/texting_message_019.jpg,0,texting_message,train
texting_message/texting_message_020.jpg,0,texting_message,train
texting_message/texting_message_021.jpg,0,texting_message,train
texting_message/texting_message_022.jpg,0,texting_message,test
texting_message/texting_message_023.jpg,0,texting_message,train
texting_message/texting_message_024.jpg,0,texting_message,train
texting_message/texting_message_025.jpg,0,texting_message,train
texting_message/texting_message_026.jpg,0,texting_message,train
texting_message/texting_message_027.jpg,0,texting_message,train
texting_message/texting_message_028.jpg,0,texting_message,test
texting_message/texting_message_029.jpg,0,texting_message,train
texting_message/texting_message_030.jpg,0,texting_message,train
texting_message/texting_message_031.jpg,0,texting_message,train
texting_message/texting_message_032.jpg,0,texting_message,test
texting_message/texting_message_033.jpg,0,texting_message,test
texting_message/texting_message_034.jpg,0,texting_message,test
texting_message/texting_message_035.jpg,0,texting_message,test
texting_message/texting_message_036.jpg,0,texting_message,train
texting_message/texting_message_037.jpg,0,texting_message,test
texting_message/texting_message_038.jpg,0,texting_message,train
texting_message/texting_message_039.jpg,0,texting_message,train
texting_message/texting_message_040.jpg,0,texting_message,test
texting_message/texting_message_041.jpg,0,texting_message,train
texting_message/texting_message_042.jpg,0,texting_message,test
texting_message/texting_message_043.jpg,0,texting_message,train
texting_message/texting_message_044.jpg,0,texting_message,test
texting_message/texting_message_045.jpg,0,texting_message,test
texting_message/texting_message_046.jpg,0,texting_message,train
texting_message/texting_message_047.jpg,0,texting_message,train
texting_message/texting_message_048.jpg,0,texting_message,test
texting_message/texting_message_049.jpg,0,texting_message,train
texting_message/texting_message_050.jpg,0,texting_message,test
texting_message/texting_message_051.jpg,0,texting_message,train
texting_message/texting_message_052.jpg,0,texting_message,train
texting_message/texting_message_053.jpg,0,texting_message,test
texting_message/texting_message_054.jpg,0,texting_message,test
texting_message/texting_message_055.jpg,0,texting_message,test
texting_message/texting_message_056.jpg,0,texting_message,train
texting_message/texting_message_057.jpg,0,texting_message,train
texting_message/texting_message_058.jpg,0,texting_message,train
texting_message/texting_message_059.jpg,0,texting_message,train
texting_message/texting_message_060.jpg,0,texting_message,train
texting_message/texting_message_061.jpg,0,texting_message,train
texting_message/texting_message_062.jpg,0,texting_message,test
texting_message/texting_message_063.jpg,0,texting_message,test
texting_message/texting_message_064.jpg,0,texting_message,train
texting_message/texting_message_065.jpg,0,texting_message,train
texting_message/texting_message_066.jpg,0,texting_message,test
texting_message/texting_message_067.jpg,0,texting_message,test
texting_message/texting_message_068.jpg,0,texting_message,test
texting_message/texting_message_069.jpg,0,texting_message,test
texting_message/texting_message_070.jpg,0,texting_message,test
texting_message/texting_message_071.jpg,0,texting_message,test
texting_message/texting_message_072.jpg,0,texting_message,train
texting_message/texting_message_073.jpg,0,texting_message,test
texting_message/texting_message_074.jpg,0,texting_message,test
texting_message/texting_message_075.jpg,0,texting_message,train
texting_message/texting_message_076.jpg,0,texting_message,test
texting_message/texting_message_077.jpg,0,texting_message,test
texting_message/texting_message_078.jpg,0,texting_message,train
texting_message/texting_message_079.jpg,0,texting_message,test
texting_message/texting_message_080.jpg,0,texting_message,train
texting_message/texting_message_081.jpg,0,texting_message,test
texting_message/texting_message_082.jpg,0,texting_message,test
texting_message/texting_message_083.jpg,0,texting_message,train
texting_message/texting_message_084.jpg,0,texting_message,test
texting_message/texting_message_085.jpg,0,texting_message,test
texting_message/texting_message_086.jpg,0,texting_message,test
texting_message/texting_message_087.jpg,0,texting_message,test
texting_message/texting_message_088.jpg,0,texting_message,train
texting_message/texting_message_089.jpg,0,texting_message,test
texting_message/texting_message_090.jpg,0,texting_message,test
texting_message/texting_message_091.jpg,0,texting_message,train
texting_message/texting_message_092.jpg,0,texting_message,test
texting_message/texting_message_093.jpg,0,texting_message,train
texting_message/texting_message_094.jpg,0,texting_message,test
texting_message/texting_message_095.jpg,0,texting_message,train
texting_message/texting_message_096.jpg,0,texting_message,test
texting_message/texting_message_097.jpg,0,texting_message,train
texting_message/texting_message_098.jpg,0,texting_message,test
texting_message/texting_message_099.jpg,0,texting_message,train
texting_message/texting_message_100.jpg,0,texting_message,train
texting_message/texting_message_101.jpg,0,texting_message,test
texting_message/texting_message_102.jpg,0,texting_message,train
texting_message/texting_message_103.jpg,0,texting_message,test
texting_message/texting_message_104.jpg,0,texting_message,train
texting_message/texting_message_105.jpg,0,texting_message,test
texting_message/texting_message_106.jpg,0,texting_message,test
texting_message/texting_message_107.jpg,0,texting_message,test
texting_message/texting_message_108.jpg,0,texting_message,test
texting_message/texting_message_109.jpg,0,texting_message,train
texting_message/texting_message_110.jpg,0,texting_message,train
texting_message/texting_message_111.jpg,0,texting_message,train
texting_message/texting_message_112.jpg,0,texting_message,train
texting_message/texting_message_113.jpg,0,texting_message,test
texting_message/texting_message_114.jpg,0,texting_message,train
texting_message/texting_message_115.jpg,0,texting_message,test
texting_message/texting_message_116.jpg,0,texting_message,train
texting_message/texting_message_117.jpg,0,texting_message,train
texting_message/texting_message_118.jpg,0,texting_message,test
texting_message/texting_message_119.jpg,0,texting_message,test
texting_message/texting_message_120.jpg,0,texting_message,test
texting_message/texting_message_121.jpg,0,texting_message,train
texting_message/texting_message_122.jpg,0,texting_message,train
texting_message/texting_message_123.jpg,0,texting_message,train
texting_message/texting_message_124.jpg,0,texting_message,train
texting_message/texting_message_125.jpg,0,texting_message,train
texting_message/texting_message_126.jpg,0,texting_message,train
texting_message/texting_message_127.jpg,0,texting_message,train
texting_message/texting_message_128.jpg,0,texting_message,test
texting_message/texting_message_129.jpg,0,texting_message,test
texting_message/texting_message_130.jpg,0,texting_message,test
texting_message/texting_message_131.jpg,0,texting_message,train
texting_message/texting_message_132.jpg,0,texting_message,train
texting_message/texting_message_133.jpg,0,texting_message,test
texting_message/texting_message_134.jpg,0,texting_message,train
texting_message/texting_message_135.jpg,0,texting_message,test
texting_message/texting_message_136.jpg,0,texting_message,train
texting_message/texting_message_137.jpg,0,texting_message,test
texting_message/texting_message_138.jpg,0,texting_message,train
texting_message/texting_message_139.jpg,0,texting_message,train
texting_message/texting_message_140.jpg,0,texting_message,test
texting_message/texting_message_141.jpg,0,texting_message,train
texting_message/texting_message_142.jpg,0,texting_message,train
texting_message/texting_message_143.jpg,0,texting_message,train
texting_message/texting_message_144.jpg,0,texting_message,test
texting_message/texting_message_145.jpg,0,texting_message,test
texting_message/texting_message_146.jpg,0,texting_message,test
texting_message/texting_message_147.jpg,0,texting_message,test
texting_message/texting_message_148.jpg,0,texting_message,train
texting_message/texting_message_149.jpg,0,texting_message,test
texting_message/texting_message_150.jpg,0,texting_message,test
texting_message/texting_message_151.jpg,0,texting_message,train
texting_message/texting_message_152.jpg,0,texting_message,train
texting_message/texting_message_153.jpg,0,texting_message,train
texting_message/texting_message_154.jpg,0,texting_message,test
texting_message/texting_message_155.jpg,0,texting_message,test
texting_message/texting_message_156.jpg,0,texting_message,test
texting_message/texting_message_157.jpg,0,texting_message,train
texting_message/texting_message_158.jpg,0,texting_message,test
texting_message/texting_message_159.jpg,0,texting_message,train
texting_message/texting_message_160.jpg,0,texting_message,train
texting_message/texting_message_161.jpg,0,texting_message,test
texting_message/texting_message_162.jpg,0,texting_message,train
texting_message/texting_message_163.jpg,0,texting_message,test
texting_message/texting_message_164.jpg,0,texting_message,train
texting_message/texting_message_165.jpg,0,texting_message,train
texting_message/texting_message_166.jpg,0,texting_message,test
texting_message/texting_message_167.jpg,0,texting_message,train
texting_message/texting_message_168.jpg,0,texting_message,test
texting_message/texting_message_169.jpg,0,texting_message,train
texting_message/texting_message_170.jpg,0,texting_message,train
texting_message/texting_message_171.jpg,0,texting_message,train
texting_message/texting_message_172.jpg,0,texting_message,test
texting_message/texting_message_173.jpg,0,texting_message,train
texting_message/texting_message_174.jpg,0,texting_message,test
texting_message/texting_message_175.jpg,0,texting_message,train
texting_message/texting_message_176.jpg,0,texting_message,test
texting_message/texting_message_177.jpg,0,texting_message,train
texting_message/texting_message_178.jpg,0,texting_message,train
texting_message/texting_message_179.jpg,0,texting_message,train
texting_message/texting_message_180.jpg,0,texting_message,test
texting_message/texting_message_181.jpg,0,texting_message,test
texting_message/texting_message_182.jpg,0,texting_message,train
texting_message/texting_message_183.jpg,0,texting_message,train
texting_message/texting_message_184.jpg,0,texting_message,test
texting_message/texting_message_185.jpg,0,texting_message,test
texting_message/texting_message_186.jpg,0,texting_message,train
texting_message/texting_message_187.jpg,0,texting_message,train
texting_message/texting_message_188.jpg,0,texting_message,test
texting_message/texting_message_189.jpg,0,texting_message,train
texting_message/texting_message_190.jpg,0,texting_message,train
texting_message/texting_message_191.jpg,0,texting_message,test
texting_message/texting_message_192.jpg,0,texting_message,test
texting_message/texting_message_193.jpg,0,texting_message,test
brushing_teeth/brushing_teeth_001.jpg,0,brushing_teeth,train
brushing_teeth/brushing_teeth_002.jpg,0,brushing_teeth,test
brushing_teeth/brushing_teeth_003.jpg,0,brushing_teeth,test
brushing_teeth/brushing_teeth_004.jpg,0,brushing_teeth,train
brushing_teeth/brushing_teeth_005.jpg,0,brushing_teeth,test
brushing_teeth/brushing_teeth_006.jpg,0,brushing_teeth,train
brushing_teeth/brushing_teeth_007.jpg,0,brushing_teeth,train
brushing_teeth/brushing_teeth_008.jpg,0,brushing_teeth,test
brushing_teeth/brushing_teeth_009.jpg,0,brushing_teeth,train
brushing_teeth/brushing_teeth_010.jpg,0,brushing_teeth,test
brushing_teeth/brushing_teeth_011.jpg,0,brushing_teeth,test
brushing_teeth/brushing_teeth_012.jpg,0,brushing_teeth,train
brushing_teeth/brushing_teeth_013.jpg,0,brushing_teeth,train
brushing_teeth/brushing_teeth_014.jpg,0,brushing_teeth,train
brushing_teeth/brushing_teeth_015.jpg,0,brushing_teeth,train
brushing_teeth/brushing_teeth_016.jpg,0,brushing_teeth,test
brushing_teeth/brushing_teeth_017.jpg,0,brushing_teeth,train
brushing_teeth/brushing_teeth_018.jpg,0,brushing_teeth,test
brushing_teeth/brushing_teeth_019.jpg,0,brushing_teeth,test
brushing_teeth/brushing_teeth_020.jpg,0,brushing_teeth,train
brushing_teeth/brushing_teeth_021.jpg,0,brushing_teeth,train
brushing_teeth/brushing_teeth_022.jpg,0,brushing_teeth,test
brushing_teeth/brushing_teeth_023.jpg,0,brushing_teeth,test
brushing_teeth/brushing_teeth_024.jpg,0,brushing_teeth,train
brushing_teeth/brushing_teeth_025.jpg,0,brushing_teeth,train
brushing_teeth/brushing_teeth_026.jpg,0,brushing_teeth,train
brushing_teeth/brushing_teeth_027.jpg,0,brushing_teeth,test
brushing_teeth/brushing_teeth_028.jpg,0,brushing_teeth,train
brushing_teeth/brushing_teeth_029.jpg,0,brushing_teeth,train
brushing_teeth/brushing_teeth_030.jpg,0,brushing_teeth,test
brushing_teeth/brushing_teeth_031.jpg,0,brushing_teeth,train
brushing_teeth/brushing_teeth_032.jpg,0,brushing_teeth,test
brushing_teeth/brushing_teeth_033.jpg,0,brushing_teeth,test
brushing_teeth/brushing_teeth_034.jpg,0,brushing_teeth,test
brushing_teeth/brushing_teeth_035.jpg,0,brushing_teeth,test
brushing_teeth/brushing_teeth_036.jpg,0,brushing_teeth,test
brushing_teeth/brushing_teeth_037.jpg,0,brushing_teeth,test
brushing_teeth/brushing_teeth_038.jpg,0,brushing_teeth,test
brushing_teeth/brushing_teeth_039.jpg,0,brushing_teeth,test
brushing_teeth/brushing_teeth_040.jpg,0,brushing_teeth,test
brushing_teeth/brushing_teeth_041.jpg,0,brushing_teeth,train
brushing_teeth/brushing_teeth_042.jpg,0,brushing_teeth,test
brushing_teeth/brushing_teeth_043.jpg,0,brushing_teeth,train
brushing_teeth/brushing_teeth_044.jpg,0,brushing_teeth,test
brushing_teeth/brushing_teeth_045.jpg,0,brushing_teeth,train
brushing_teeth/brushing_teeth_046.jpg,0,brushing_teeth,train
brushing_teeth/brushing_teeth_047.jpg,0,brushing_teeth,train
brushing_teeth/brushing_teeth_048.jpg,0,brushing_teeth,test
brushing_teeth/brushing_teeth_049.jpg,0,brushing_teeth,test
brushing_teeth/brushing_teeth_050.jpg,0,brushing_teeth,test
brushing_teeth/brushing_teeth_051.jpg,0,brushing_teeth,test
brushing_teeth/brushing_teeth_052.jpg,0,brushing_teeth,test
brushing_teeth/brushing_teeth_053.jpg,0,brushing_teeth,train
brushing_teeth/brushing_teeth_054.jpg,0,brushing_teeth,test
brushing_teeth/brushing_teeth_055.jpg,0,brushing_teeth,test
brushing_teeth/brushing_teeth_056.jpg,0,brushing_teeth,test
brushing_teeth/brushing_teeth_057.jpg,0,brushing_teeth,train
brushing_teeth/brushing_teeth_058.jpg,0,brushing_teeth,test
brushing_teeth/brushing_teeth_059.jpg,0,brushing_teeth,train
brushing_teeth/brushing_teeth_060.jpg,0,brushing_teeth,train
brushing_teeth/brushing_teeth_061.jpg,0,brushing_teeth,train
brushing_teeth/brushing_teeth_062.jpg,0,brushing_teeth,train
brushing_teeth/brushing_teeth_063.jpg,0,brushing_teeth,test
brushing_teeth/brushing_teeth_064.jpg,0,brushing_teeth,train
brushing_teeth/brushing_teeth_065.jpg,0,brushing_teeth,test
brushing_teeth/brushing_teeth_066.jpg,0,brushing_teeth,train
brushing_teeth/brushing_teeth_067.jpg,0,brushing_teeth,train
brushing_teeth/brushing_teeth_068.jpg,0,brushing_teeth,test
brushing_teeth/brushing_teeth_069.jpg,0,brushing_teeth,train
brushing_teeth/brushing_teeth_070.jpg,0,brushing_teeth,train
brushing_teeth/brushing_teeth_071.jpg,0,brushing_teeth,test
brushing_teeth/brushing_teeth_072.jpg,0,brushing_teeth,train
brushing_teeth/brushing_teeth_073.jpg,0,brushing_teeth,train
brushing_teeth/brushing_teeth_074.jpg,0,brushing_teeth,train
brushing_teeth/brushing_teeth_075.jpg,0,brushing_teeth,test
brushing_teeth/brushing_teeth_076.jpg,0,brushing_teeth,train
brushing_teeth/brushing_teeth_077.jpg,0,brushing_teeth,train
brushing_teeth/brushing_teeth_078.jpg,0,brushing_teeth,test
brushing_teeth/brushing_teeth_079.jpg,0,brushing_teeth,test
brushing_teeth/brushing_teeth_080.jpg,0,brushing_teeth,test
brushing_teeth/brushing_teeth_081.jpg,0,brushing_teeth,test
brushing_teeth/brushing_teeth_082.jpg,0,brushing_teeth,train
brushing_teeth/brushing_teeth_083.jpg,0,brushing_teeth,test
brushing_teeth/brushing_teeth_084.jpg,0,brushing_teeth,test
brushing_teeth/brushing_teeth_085.jpg,0,brushing_teeth,test
brushing_teeth/brushing_teeth_086.jpg,0,brushing_teeth,test
brushing_teeth/brushing_teeth_087.jpg,0,brushing_teeth,train
brushing_teeth/brushing_teeth_088.jpg,0,brushing_teeth,train
brushing_teeth/brushing_teeth_089.jpg,0,brushing_teeth,test
brushing_teeth/brushing_teeth_090.jpg,0,brushing_teeth,test
brushing_teeth/brushing_teeth_091.jpg,0,brushing_teeth,test
brushing_teeth/brushing_teeth_092.jpg,0,brushing_teeth,train
brushing_teeth/brushing_teeth_093.jpg,0,brushing_teeth,test
brushing_teeth/brushing_teeth_094.jpg,0,brushing_teeth,test
brushing_teeth/brushing_teeth_095.jpg,0,brushing_teeth,train
brushing_teeth/brushing_teeth_096.jpg,0,brushing_teeth,train
brushing_teeth/brushing_teeth_097.jpg,0,brushing_teeth,train
brushing_teeth/brushing_teeth_098.jpg,0,brushing_teeth,test
brushing_teeth/brushing_teeth_099.jpg,0,brushing_teeth,test
brushing_teeth/brushing_teeth_100.jpg,0,brushing_teeth,test
brushing_teeth/brushing_teeth_101.jpg,0,brushing_teeth,test
brushing_teeth/brushing_teeth_102.jpg,0,brushing_teeth,train
brushing_teeth/brushing_teeth_103.jpg,0,brushing_teeth,train
brushing_teeth/brushing_teeth_104.jpg,0,brushing_teeth,test
brushing_teeth/brushing_teeth_105.jpg,0,brushing_teeth,train
brushing_teeth/brushing_teeth_106.jpg,0,brushing_teeth,test
brushing_teeth/brushing_teeth_107.jpg,0,brushing_teeth,test
brushing_teeth/brushing_teeth_108.jpg,0,brushing_teeth,test
brushing_teeth/brushing_teeth_109.jpg,0,brushing_teeth,train
brushing_teeth/brushing_teeth_110.jpg,0,brushing_teeth,train
brushing_teeth/brushing_teeth_111.jpg,0,brushing_teeth,test
brushing_teeth/brushing_teeth_112.jpg,0,brushing_teeth,train
brushing_teeth/brushing_teeth_113.jpg,0,brushing_teeth,train
brushing_teeth/brushing_teeth_114.jpg,0,brushing_teeth,test
brushing_teeth/brushing_teeth_115.jpg,0,brushing_teeth,test
brushing_teeth/brushing_teeth_116.jpg,0,brushing_teeth,test
brushing_teeth/brushing_teeth_117.jpg,0,brushing_teeth,train
brushing_teeth/brushing_teeth_118.jpg,0,brushing_teeth,test
brushing_teeth/brushing_teeth_119.jpg,0,brushing_teeth,train
brushing_teeth/brushing_teeth_120.jpg,0,brushing_teeth,test
brushing_teeth/brushing_teeth_121.jpg,0,brushing_teeth,test
brushing_teeth/brushing_teeth_122.jpg,0,brushing_teeth,test
brushing_teeth/brushing_teeth_123.jpg,0,brushing_teeth,test
brushing_teeth/brushing_teeth_124.jpg,0,brushing_teeth,test
brushing_teeth/brushing_teeth_125.jpg,0,brushing_teeth,train
brushing_teeth/brushing_teeth_126.jpg,0,brushing_teeth,test
brushing_teeth/brushing_teeth_127.jpg,0,brushing_teeth,test
brushing_teeth/brushing_teeth_128.jpg,0,brushing_teeth,train
brushing_teeth/brushing_teeth_129.jpg,0,brushing_teeth,train
brushing_teeth/brushing_teeth_130.jpg,0,brushing_teeth,test
brushing_teeth/brushing_teeth_131.jpg,0,brushing_teeth,train
brushing_teeth/brushing_teeth_132.jpg,0,brushing_teeth,train
brushing_teeth/brushing_teeth_133.jpg,0,brushing_teeth,train
brushing_teeth/brushing_teeth_134.jpg,0,brushing_teeth,train
brushing_teeth/brushing_teeth_135.jpg,0,brushing_teeth,test
brushing_teeth/brushing_teeth_136.jpg,0,brushing_teeth,train
brushing_teeth/brushing_teeth_137.jpg,0,brushing_teeth,train
brushing_teeth/brushing_teeth_138.jpg,0,brushing_teeth,train
brushing_teeth/brushing_teeth_139.jpg,0,brushing_teeth,train
brushing_teeth/brushing_teeth_140.jpg,0,brushing_teeth,test
brushing_teeth/brushing_teeth_141.jpg,0,brushing_teeth,train
brushing_teeth/brushing_teeth_142.jpg,0,brushing_teeth,train
brushing_teeth/brushing_teeth_143.jpg,0,brushing_teeth,train
brushing_teeth/brushing_teeth_144.jpg,0,brushing_teeth,test
brushing_teeth/brushing_teeth_145.jpg,0,brushing_teeth,test
brushing_teeth/brushing_teeth_146.jpg,0,brushing_teeth,test
brushing_teeth/brushing_teeth_147.jpg,0,brushing_teeth,test
brushing_teeth/brushing_teeth_148.jpg,0,brushing_teeth,train
brushing_teeth/brushing_teeth_149.jpg,0,brushing_teeth,train
brushing_teeth/brushing_teeth_150.jpg,0,brushing_teeth,train
brushing_teeth/brushing_teeth_151.jpg,0,brushing_teeth,test
brushing_teeth/brushing_teeth_152.jpg,0,brushing_teeth,test
brushing_teeth/brushing_teeth_153.jpg,0,brushing_teeth,test
brushing_teeth/brushing_teeth_154.jpg,0,brushing_teeth,test
brushing_teeth/brushing_teeth_155.jpg,0,brushing_teeth,train
brushing_teeth/brushing_teeth_156.jpg,0,brushing_teeth,train
brushing_teeth/brushing_teeth_157.jpg,0,brushing_teeth,test
brushing_teeth/brushing_teeth_158.jpg,0,brushing_teeth,test
brushing_teeth/brushing_teeth_159.jpg,0,brushing_teeth,train
brushing_teeth/brushing_teeth_160.jpg,0,brushing_teeth,test
brushing_teeth/brushing_teeth_161.jpg,0,brushing_teeth,test
brushing_teeth/brushing_teeth_162.jpg,0,brushing_teeth,train
brushing_teeth/brushing_teeth_163.jpg,0,brushing_teeth,train
brushing_teeth/brushing_teeth_164.jpg,0,brushing_teeth,train
brushing_teeth/brushing_teeth_165.jpg,0,brushing_teeth,test
brushing_teeth/brushing_teeth_166.jpg,0,brushing_teeth,test
brushing_teeth/brushing_teeth_167.jpg,0,brushing_teeth,test
brushing_teeth/brushing_teeth_168.jpg,0,brushing_teeth,train
brushing_teeth/brushing_teeth_169.jpg,0,brushing_teeth,test
brushing_teeth/brushing_teeth_170.jpg,0,brushing_teeth,test
brushing_teeth/brushing_teeth_171.jpg,0,brushing_teeth,train
brushing_teeth/brushing_teeth_172.jpg,0,brushing_teeth,train
brushing_teeth/brushing_teeth_173.jpg,0,brushing_teeth,train
brushing_teeth/brushing_teeth_174.jpg,0,brushing_teeth,train
brushing_teeth/brushing_teeth_175.jpg,0,brushing_teeth,train
brushing_teeth/brushing_teeth_176.jpg,0,brushing_teeth,train
brushing_teeth/brushing_teeth_177.jpg,0,brushing_teeth,train
brushing_teeth/brushing_teeth_178.jpg,0,brushing_teeth,train
brushing_teeth/brushing_teeth_179.jpg,0,brushing_teeth,train
brushing_teeth/brushing_teeth_180.jpg,0,brushing_teeth,train
brushing_teeth/brushing_teeth_181.jpg,0,brushing_teeth,train
brushing_teeth/brushing_teeth_182.jpg,0,brushing_teeth,test
brushing_teeth/brushing_teeth_183.jpg,0,brushing_teeth,test
brushing_teeth/brushing_teeth_184.jpg,0,brushing_teeth,test
brushing_teeth/brushing_teeth_185.jpg,0,brushing_teeth,train
brushing_teeth/brushing_teeth_186.jpg,0,brushing_teeth,train
brushing_teeth/brushing_teeth_187.jpg,0,brushing_teeth,train
brushing_teeth/brushing_teeth_188.jpg,0,brushing_teeth,train
brushing_teeth/brushing_teeth_189.jpg,0,brushing_teeth,test
brushing_teeth/brushing_teeth_190.jpg,0,brushing_teeth,train
brushing_teeth/brushing_teeth_191.jpg,0,brushing_teeth,test
brushing_teeth/brushing_teeth_192.jpg,0,brushing_teeth,train
brushing_teeth/brushing_teeth_193.jpg,0,brushing_teeth,test
brushing_teeth/brushing_teeth_194.jpg,0,brushing_teeth,test
brushing_teeth/brushing_teeth_195.jpg,0,brushing_teeth,test
brushing_teeth/brushing_teeth_196.jpg,0,brushing_teeth,test
brushing_teeth/brushing_teeth_197.jpg,0,brushing_teeth,train
brushing_teeth/brushing_teeth_198.jpg,0,brushing_teeth,train
brushing_teeth/brushing_teeth_199.jpg,0,brushing_teeth,train
brushing_teeth/brushing_teeth_200.jpg,0,brushing_teeth,train
blowing_bubbles/blowing_bubbles_001.jpg,0,blowing_bubbles,train
blowing_bubbles/blowing_bubbles_002.jpg,0,blowing_bubbles,train
blowing_bubbles/blowing_bubbles_003.jpg,0,blowing_bubbles,test
blowing_bubbles/blowing_bubbles_004.jpg,0,blowing_bubbles,test
blowing_bubbles/blowing_bubbles_005.jpg,0,blowing_bubbles,train
blowing_bubbles/blowing_bubbles_006.jpg,0,blowing_bubbles,test
blowing_bubbles/blowing_bubbles_007.jpg,0,blowing_bubbles,test
blowing_bubbles/blowing_bubbles_008.jpg,0,blowing_bubbles,train
blowing_bubbles/blowing_bubbles_009.jpg,0,blowing_bubbles,test
blowing_bubbles/blowing_bubbles_010.jpg,0,blowing_bubbles,train
blowing_bubbles/blowing_bubbles_011.jpg,0,blowing_bubbles,train
blowing_bubbles/blowing_bubbles_012.jpg,0,blowing_bubbles,test
blowing_bubbles/blowing_bubbles_013.jpg,0,blowing_bubbles,test
blowing_bubbles/blowing_bubbles_014.jpg,0,blowing_bubbles,train
blowing_bubbles/blowing_bubbles_015.jpg,0,blowing_bubbles,test
blowing_bubbles/blowing_bubbles_016.jpg,0,blowing_bubbles,test
blowing_bubbles/blowing_bubbles_017.jpg,0,blowing_bubbles,train
blowing_bubbles/blowing_bubbles_018.jpg,0,blowing_bubbles,test
blowing_bubbles/blowing_bubbles_019.jpg,0,blowing_bubbles,test
blowing_bubbles/blowing_bubbles_020.jpg,0,blowing_bubbles,test
blowing_bubbles/blowing_bubbles_021.jpg,0,blowing_bubbles,train
blowing_bubbles/blowing_bubbles_022.jpg,0,blowing_bubbles,train
blowing_bubbles/blowing_bubbles_023.jpg,0,blowing_bubbles,test
blowing_bubbles/blowing_bubbles_024.jpg,0,blowing_bubbles,train
blowing_bubbles/blowing_bubbles_025.jpg,0,blowing_bubbles,test
blowing_bubbles/blowing_bubbles_026.jpg,0,blowing_bubbles,test
blowing_bubbles/blowing_bubbles_027.jpg,0,blowing_bubbles,test
blowing_bubbles/blowing_bubbles_028.jpg,0,blowing_bubbles,test
blowing_bubbles/blowing_bubbles_029.jpg,0,blowing_bubbles,test
blowing_bubbles/blowing_bubbles_030.jpg,0,blowing_bubbles,test
blowing_bubbles/blowing_bubbles_031.jpg,0,blowing_bubbles,test
blowing_bubbles/blowing_bubbles_032.jpg,0,blowing_bubbles,test
blowing_bubbles/blowing_bubbles_033.jpg,0,blowing_bubbles,test
blowing_bubbles/blowing_bubbles_034.jpg,0,blowing_bubbles,train
blowing_bubbles/blowing_bubbles_035.jpg,0,blowing_bubbles,test
blowing_bubbles/blowing_bubbles_036.jpg,0,blowing_bubbles,train
blowing_bubbles/blowing_bubbles_037.jpg,0,blowing_bubbles,test
blowing_bubbles/blowing_bubbles_038.jpg,0,blowing_bubbles,test
blowing_bubbles/blowing_bubbles_039.jpg,0,blowing_bubbles,test
blowing_bubbles/blowing_bubbles_040.jpg,0,blowing_bubbles,test
blowing_bubbles/blowing_bubbles_041.jpg,0,blowing_bubbles,test
blowing_bubbles/blowing_bubbles_042.jpg,0,blowing_bubbles,train
blowing_bubbles/blowing_bubbles_043.jpg,0,blowing_bubbles,test
blowing_bubbles/blowing_bubbles_044.jpg,0,blowing_bubbles,test
blowing_bubbles/blowing_bubbles_045.jpg,0,blowing_bubbles,test
blowing_bubbles/blowing_bubbles_046.jpg,0,blowing_bubbles,test
blowing_bubbles/blowing_bubbles_047.jpg,0,blowing_bubbles,test
blowing_bubbles/blowing_bubbles_048.jpg,0,blowing_bubbles,test
blowing_bubbles/blowing_bubbles_049.jpg,0,blowing_bubbles,test
blowing_bubbles/blowing_bubbles_050.jpg,0,blowing_bubbles,test
blowing_bubbles/blowing_bubbles_051.jpg,0,blowing_bubbles,train
blowing_bubbles/blowing_bubbles_052.jpg,0,blowing_bubbles,train
blowing_bubbles/blowing_bubbles_053.jpg,0,blowing_bubbles,test
blowing_bubbles/blowing_bubbles_054.jpg,0,blowing_bubbles,test
blowing_bubbles/blowing_bubbles_055.jpg,0,blowing_bubbles,train
blowing_bubbles/blowing_bubbles_056.jpg,0,blowing_bubbles,train
blowing_bubbles/blowing_bubbles_057.jpg,0,blowing_bubbles,test
blowing_bubbles/blowing_bubbles_058.jpg,0,blowing_bubbles,train
blowing_bubbles/blowing_bubbles_059.jpg,0,blowing_bubbles,test
blowing_bubbles/blowing_bubbles_060.jpg,0,blowing_bubbles,test
blowing_bubbles/blowing_bubbles_061.jpg,0,blowing_bubbles,test
blowing_bubbles/blowing_bubbles_062.jpg,0,blowing_bubbles,test
blowing_bubbles/blowing_bubbles_063.jpg,0,blowing_bubbles,train
blowing_bubbles/blowing_bubbles_064.jpg,0,blowing_bubbles,train
blowing_bubbles/blowing_bubbles_065.jpg,0,blowing_bubbles,train
blowing_bubbles/blowing_bubbles_066.jpg,0,blowing_bubbles,test
blowing_bubbles/blowing_bubbles_067.jpg,0,blowing_bubbles,test
blowing_bubbles/blowing_bubbles_068.jpg,0,blowing_bubbles,test
blowing_bubbles/blowing_bubbles_069.jpg,0,blowing_bubbles,train
blowing_bubbles/blowing_bubbles_070.jpg,0,blowing_bubbles,test
blowing_bubbles/blowing_bubbles_071.jpg,0,blowing_bubbles,train
blowing_bubbles/blowing_bubbles_072.jpg,0,blowing_bubbles,test
blowing_bubbles/blowing_bubbles_073.jpg,0,blowing_bubbles,test
blowing_bubbles/blowing_bubbles_074.jpg,0,blowing_bubbles,test
blowing_bubbles/blowing_bubbles_075.jpg,0,blowing_bubbles,test
blowing_bubbles/blowing_bubbles_076.jpg,0,blowing_bubbles,train
blowing_bubbles/blowing_bubbles_077.jpg,0,blowing_bubbles,train
blowing_bubbles/blowing_bubbles_078.jpg,0,blowing_bubbles,test
blowing_bubbles/blowing_bubbles_079.jpg,0,blowing_bubbles,train
blowing_bubbles/blowing_bubbles_080.jpg,0,blowing_bubbles,test
blowing_bubbles/blowing_bubbles_081.jpg,0,blowing_bubbles,test
blowing_bubbles/blowing_bubbles_082.jpg,0,blowing_bubbles,train
blowing_bubbles/blowing_bubbles_083.jpg,0,blowing_bubbles,test
blowing_bubbles/blowing_bubbles_084.jpg,0,blowing_bubbles,train
blowing_bubbles/blowing_bubbles_085.jpg,0,blowing_bubbles,train
blowing_bubbles/blowing_bubbles_086.jpg,0,blowing_bubbles,train
blowing_bubbles/blowing_bubbles_087.jpg,0,blowing_bubbles,test
blowing_bubbles/blowing_bubbles_088.jpg,0,blowing_bubbles,train
blowing_bubbles/blowing_bubbles_089.jpg,0,blowing_bubbles,train
blowing_bubbles/blowing_bubbles_090.jpg,0,blowing_bubbles,train
blowing_bubbles/blowing_bubbles_091.jpg,0,blowing_bubbles,test
blowing_bubbles/blowing_bubbles_092.jpg,0,blowing_bubbles,test
blowing_bubbles/blowing_bubbles_093.jpg,0,blowing_bubbles,test
blowing_bubbles/blowing_bubbles_094.jpg,0,blowing_bubbles,train
blowing_bubbles/blowing_bubbles_095.jpg,0,blowing_bubbles,test
blowing_bubbles/blowing_bubbles_096.jpg,0,blowing_bubbles,train
blowing_bubbles/blowing_bubbles_097.jpg,0,blowing_bubbles,test
blowing_bubbles/blowing_bubbles_098.jpg,0,blowing_bubbles,test
blowing_bubbles/blowing_bubbles_099.jpg,0,blowing_bubbles,train
blowing_bubbles/blowing_bubbles_100.jpg,0,blowing_bubbles,test
blowing_bubbles/blowing_bubbles_101.jpg,0,blowing_bubbles,train
blowing_bubbles/blowing_bubbles_102.jpg,0,blowing_bubbles,test
blowing_bubbles/blowing_bubbles_103.jpg,0,blowing_bubbles,train
blowing_bubbles/blowing_bubbles_104.jpg,0,blowing_bubbles,train
blowing_bubbles/blowing_bubbles_105.jpg,0,blowing_bubbles,train
blowing_bubbles/blowing_bubbles_106.jpg,0,blowing_bubbles,train
blowing_bubbles/blowing_bubbles_107.jpg,0,blowing_bubbles,test
blowing_bubbles/blowing_bubbles_108.jpg,0,blowing_bubbles,test
blowing_bubbles/blowing_bubbles_109.jpg,0,blowing_bubbles,train
blowing_bubbles/blowing_bubbles_110.jpg,0,blowing_bubbles,test
blowing_bubbles/blowing_bubbles_111.jpg,0,blowing_bubbles,train
blowing_bubbles/blowing_bubbles_112.jpg,0,blowing_bubbles,train
blowing_bubbles/blowing_bubbles_113.jpg,0,blowing_bubbles,test
blowing_bubbles/blowing_bubbles_114.jpg,0,blowing_bubbles,test
blowing_bubbles/blowing_bubbles_115.jpg,0,blowing_bubbles,test
blowing_bubbles/blowing_bubbles_116.jpg,0,blowing_bubbles,test
blowing_bubbles/blowing_bubbles_117.jpg,0,blowing_bubbles,train
blowing_bubbles/blowing_bubbles_118.jpg,0,blowing_bubbles,test
blowing_bubbles/blowing_bubbles_119.jpg,0,blowing_bubbles,test
blowing_bubbles/blowing_bubbles_120.jpg,0,blowing_bubbles,test
blowing_bubbles/blowing_bubbles_121.jpg,0,blowing_bubbles,train
blowing_bubbles/blowing_bubbles_122.jpg,0,blowing_bubbles,test
blowing_bubbles/blowing_bubbles_123.jpg,0,blowing_bubbles,train
blowing_bubbles/blowing_bubbles_124.jpg,0,blowing_bubbles,test
blowing_bubbles/blowing_bubbles_125.jpg,0,blowing_bubbles,test
blowing_bubbles/blowing_bubbles_126.jpg,0,blowing_bubbles,test
blowing_bubbles/blowing_bubbles_127.jpg,0,blowing_bubbles,test
blowing_bubbles/blowing_bubbles_128.jpg,0,blowing_bubbles,test
blowing_bubbles/blowing_bubbles_129.jpg,0,blowing_bubbles,train
blowing_bubbles/blowing_bubbles_130.jpg,0,blowing_bubbles,test
blowing_bubbles/blowing_bubbles_131.jpg,0,blowing_bubbles,test
blowing_bubbles/blowing_bubbles_132.jpg,0,blowing_bubbles,test
blowing_bubbles/blowing_bubbles_133.jpg,0,blowing_bubbles,test
blowing_bubbles/blowing_bubbles_134.jpg,0,blowing_bubbles,test
blowing_bubbles/blowing_bubbles_135.jpg,0,blowing_bubbles,train
blowing_bubbles/blowing_bubbles_136.jpg,0,blowing_bubbles,test
blowing_bubbles/blowing_bubbles_137.jpg,0,blowing_bubbles,test
blowing_bubbles/blowing_bubbles_138.jpg,0,blowing_bubbles,train
blowing_bubbles/blowing_bubbles_139.jpg,0,blowing_bubbles,test
blowing_bubbles/blowing_bubbles_140.jpg,0,blowing_bubbles,train
blowing_bubbles/blowing_bubbles_141.jpg,0,blowing_bubbles,train
blowing_bubbles/blowing_bubbles_142.jpg,0,blowing_bubbles,test
blowing_bubbles/blowing_bubbles_143.jpg,0,blowing_bubbles,train
blowing_bubbles/blowing_bubbles_144.jpg,0,blowing_bubbles,train
blowing_bubbles/blowing_bubbles_145.jpg,0,blowing_bubbles,test
blowing_bubbles/blowing_bubbles_146.jpg,0,blowing_bubbles,train
blowing_bubbles/blowing_bubbles_147.jpg,0,blowing_bubbles,train
blowing_bubbles/blowing_bubbles_148.jpg,0,blowing_bubbles,test
blowing_bubbles/blowing_bubbles_149.jpg,0,blowing_bubbles,test
blowing_bubbles/blowing_bubbles_150.jpg,0,blowing_bubbles,train
blowing_bubbles/blowing_bubbles_151.jpg,0,blowing_bubbles,test
blowing_bubbles/blowing_bubbles_152.jpg,0,blowing_bubbles,test
blowing_bubbles/blowing_bubbles_153.jpg,0,blowing_bubbles,train
blowing_bubbles/blowing_bubbles_154.jpg,0,blowing_bubbles,train
blowing_bubbles/blowing_bubbles_155.jpg,0,blowing_bubbles,test
blowing_bubbles/blowing_bubbles_156.jpg,0,blowing_bubbles,train
blowing_bubbles/blowing_bubbles_157.jpg,0,blowing_bubbles,train
blowing_bubbles/blowing_bubbles_158.jpg,0,blowing_bubbles,test
blowing_bubbles/blowing_bubbles_159.jpg,0,blowing_bubbles,train
blowing_bubbles/blowing_bubbles_160.jpg,0,blowing_bubbles,test
blowing_bubbles/blowing_bubbles_161.jpg,0,blowing_bubbles,train
blowing_bubbles/blowing_bubbles_162.jpg,0,blowing_bubbles,test
blowing_bubbles/blowing_bubbles_163.jpg,0,blowing_bubbles,train
blowing_bubbles/blowing_bubbles_164.jpg,0,blowing_bubbles,test
blowing_bubbles/blowing_bubbles_165.jpg,0,blowing_bubbles,test
blowing_bubbles/blowing_bubbles_166.jpg,0,blowing_bubbles,test
blowing_bubbles/blowing_bubbles_167.jpg,0,blowing_bubbles,test
blowing_bubbles/blowing_bubbles_168.jpg,0,blowing_bubbles,train
blowing_bubbles/blowing_bubbles_169.jpg,0,blowing_bubbles,test
blowing_bubbles/blowing_bubbles_170.jpg,0,blowing_bubbles,test
blowing_bubbles/blowing_bubbles_171.jpg,0,blowing_bubbles,test
blowing_bubbles/blowing_bubbles_172.jpg,0,blowing_bubbles,train
blowing_bubbles/blowing_bubbles_173.jpg,0,blowing_bubbles,train
blowing_bubbles/blowing_bubbles_174.jpg,0,blowing_bubbles,test
blowing_bubbles/blowing_bubbles_175.jpg,0,blowing_bubbles,test
blowing_bubbles/blowing_bubbles_176.jpg,0,blowing_bubbles,test
blowing_bubbles/blowing_bubbles_177.jpg,0,blowing_bubbles,test
blowing_bubbles/blowing_bubbles_178.jpg,0,blowing_bubbles,train
blowing_bubbles/blowing_bubbles_179.jpg,0,blowing_bubbles,test
blowing_bubbles/blowing_bubbles_180.jpg,0,blowing_bubbles,train
blowing_bubbles/blowing_bubbles_181.jpg,0,blowing_bubbles,train
blowing_bubbles/blowing_bubbles_182.jpg,0,blowing_bubbles,test
blowing_bubbles/blowing_bubbles_183.jpg,0,blowing_bubbles,test
blowing_bubbles/blowing_bubbles_184.jpg,0,blowing_bubbles,test
blowing_bubbles/blowing_bubbles_185.jpg,0,blowing_bubbles,train
blowing_bubbles/blowing_bubbles_186.jpg,0,blowing_bubbles,test
blowing_bubbles/blowing_bubbles_187.jpg,0,blowing_bubbles,test
blowing_bubbles/blowing_bubbles_188.jpg,0,blowing_bubbles,train
blowing_bubbles/blowing_bubbles_189.jpg,0,blowing_bubbles,test
blowing_bubbles/blowing_bubbles_190.jpg,0,blowing_bubbles,test
blowing_bubbles/blowing_bubbles_191.jpg,0,blowing_bubbles,test
blowing_bubbles/blowing_bubbles_192.jpg,0,blowing_bubbles,test
blowing_bubbles/blowing_bubbles_193.jpg,0,blowing_bubbles,test
blowing_bubbles/blowing_bubbles_194.jpg,0,blowing_bubbles,test
blowing_bubbles/blowing_bubbles_195.jpg,0,blowing_bubbles,train
blowing_bubbles/blowing_bubbles_196.jpg,0,blowing_bubbles,test
blowing_bubbles/blowing_bubbles_197.jpg,0,blowing_bubbles,test
blowing_bubbles/blowing_bubbles_198.jpg,0,blowing_bubbles,train
blowing_bubbles/blowing_bubbles_199.jpg,0,blowing_bubbles,test
blowing_bubbles/blowing_bubbles_200.jpg,0,blowing_bubbles,test
blowing_bubbles/blowing_bubbles_201.jpg,0,blowing_bubbles,test
blowing_bubbles/blowing_bubbles_202.jpg,0,blowing_bubbles,test
blowing_bubbles/blowing_bubbles_203.jpg,0,blowing_bubbles,train
blowing_bubbles/blowing_bubbles_204.jpg,0,blowing_bubbles,train
blowing_bubbles/blowing_bubbles_205.jpg,0,blowing_bubbles,train
blowing_bubbles/blowing_bubbles_206.jpg,0,blowing_bubbles,test
blowing_bubbles/blowing_bubbles_207.jpg,0,blowing_bubbles,test
blowing_bubbles/blowing_bubbles_208.jpg,0,blowing_bubbles,test
blowing_bubbles/blowing_bubbles_209.jpg,0,blowing_bubbles,train
blowing_bubbles/blowing_bubbles_210.jpg,0,blowing_bubbles,test
blowing_bubbles/blowing_bubbles_211.jpg,0,blowing_bubbles,test
blowing_bubbles/blowing_bubbles_212.jpg,0,blowing_bubbles,test
blowing_bubbles/blowing_bubbles_213.jpg,0,blowing_bubbles,train
blowing_bubbles/blowing_bubbles_214.jpg,0,blowing_bubbles,train
blowing_bubbles/blowing_bubbles_215.jpg,0,blowing_bubbles,test
blowing_bubbles/blowing_bubbles_216.jpg,0,blowing_bubbles,test
blowing_bubbles/blowing_bubbles_217.jpg,0,blowing_bubbles,test
blowing_bubbles/blowing_bubbles_218.jpg,0,blowing_bubbles,train
blowing_bubbles/blowing_bubbles_219.jpg,0,blowing_bubbles,train
blowing_bubbles/blowing_bubbles_220.jpg,0,blowing_bubbles,test
blowing_bubbles/blowing_bubbles_221.jpg,0,blowing_bubbles,train
blowing_bubbles/blowing_bubbles_222.jpg,0,blowing_bubbles,train
blowing_bubbles/blowing_bubbles_223.jpg,0,blowing_bubbles,test
blowing_bubbles/blowing_bubbles_224.jpg,0,blowing_bubbles,test
blowing_bubbles/blowing_bubbles_225.jpg,0,blowing_bubbles,train
blowing_bubbles/blowing_bubbles_226.jpg,0,blowing_bubbles,test
blowing_bubbles/blowing_bubbles_227.jpg,0,blowing_bubbles,test
blowing_bubbles/blowing_bubbles_228.jpg,0,blowing_bubbles,train
blowing_bubbles/blowing_bubbles_229.jpg,0,blowing_bubbles,test
blowing_bubbles/blowing_bubbles_230.jpg,0,blowing_bubbles,train
blowing_bubbles/blowing_bubbles_231.jpg,0,blowing_bubbles,test
blowing_bubbles/blowing_bubbles_232.jpg,0,blowing_bubbles,test
blowing_bubbles/blowing_bubbles_233.jpg,0,blowing_bubbles,test
blowing_bubbles/blowing_bubbles_234.jpg,0,blowing_bubbles,train
blowing_bubbles/blowing_bubbles_235.jpg,0,blowing_bubbles,test
blowing_bubbles/blowing_bubbles_236.jpg,0,blowing_bubbles,test
blowing_bubbles/blowing_bubbles_237.jpg,0,blowing_bubbles,train
blowing_bubbles/blowing_bubbles_238.jpg,0,blowing_bubbles,test
blowing_bubbles/blowing_bubbles_239.jpg,0,blowing_bubbles,test
blowing_bubbles/blowing_bubbles_240.jpg,0,blowing_bubbles,test
blowing_bubbles/blowing_bubbles_241.jpg,0,blowing_bubbles,train
blowing_bubbles/blowing_bubbles_242.jpg,0,blowing_bubbles,test
blowing_bubbles/blowing_bubbles_243.jpg,0,blowing_bubbles,test
blowing_bubbles/blowing_bubbles_244.jpg,0,blowing_bubbles,train
blowing_bubbles/blowing_bubbles_245.jpg,0,blowing_bubbles,train
blowing_bubbles/blowing_bubbles_246.jpg,0,blowing_bubbles,train
blowing_bubbles/blowing_bubbles_247.jpg,0,blowing_bubbles,test
blowing_bubbles/blowing_bubbles_248.jpg,0,blowing_bubbles,test
blowing_bubbles/blowing_bubbles_249.jpg,0,blowing_bubbles,test
blowing_bubbles/blowing_bubbles_250.jpg,0,blowing_bubbles,test
blowing_bubbles/blowing_bubbles_251.jpg,0,blowing_bubbles,train
blowing_bubbles/blowing_bubbles_252.jpg,0,blowing_bubbles,test
blowing_bubbles/blowing_bubbles_253.jpg,0,blowing_bubbles,test
blowing_bubbles/blowing_bubbles_254.jpg,0,blowing_bubbles,train
blowing_bubbles/blowing_bubbles_255.jpg,0,blowing_bubbles,train
blowing_bubbles/blowing_bubbles_256.jpg,0,blowing_bubbles,train
blowing_bubbles/blowing_bubbles_257.jpg,0,blowing_bubbles,train
blowing_bubbles/blowing_bubbles_258.jpg,0,blowing_bubbles,train
blowing_bubbles/blowing_bubbles_259.jpg,0,blowing_bubbles,test
taking_photos/taking_photos_001.jpg,0,taking_photos,test
taking_photos/taking_photos_002.jpg,0,taking_photos,test
taking_photos/taking_photos_003.jpg,0,taking_photos,test
taking_photos/taking_photos_004.jpg,0,taking_photos,test
taking_photos/taking_photos_005.jpg,0,taking_photos,train
taking_photos/taking_photos_006.jpg,0,taking_photos,test
taking_photos/taking_photos_007.jpg,0,taking_photos,train
taking_photos/taking_photos_008.jpg,0,taking_photos,test
taking_photos/taking_photos_009.jpg,0,taking_photos,train
taking_photos/taking_photos_010.jpg,0,taking_photos,test
taking_photos/taking_photos_011.jpg,0,taking_photos,test
taking_photos/taking_photos_012.jpg,0,taking_photos,test
taking_photos/taking_photos_013.jpg,0,taking_photos,train
taking_photos/taking_photos_014.jpg,0,taking_photos,train
taking_photos/taking_photos_015.jpg,0,taking_photos,train
taking_photos/taking_photos_016.jpg,0,taking_photos,train
taking_photos/taking_photos_017.jpg,0,taking_photos,test
taking_photos/taking_photos_018.jpg,0,taking_photos,train
taking_photos/taking_photos_019.jpg,0,taking_photos,test
taking_photos/taking_photos_020.jpg,0,taking_photos,train
taking_photos/taking_photos_021.jpg,0,taking_photos,train
taking_photos/taking_photos_022.jpg,0,taking_photos,test
taking_photos/taking_photos_023.jpg,0,taking_photos,train
taking_photos/taking_photos_024.jpg,0,taking_photos,train
taking_photos/taking_photos_025.jpg,0,taking_photos,test
taking_photos/taking_photos_026.jpg,0,taking_photos,test
taking_photos/taking_photos_027.jpg,0,taking_photos,train
taking_photos/taking_photos_028.jpg,0,taking_photos,test
taking_photos/taking_photos_029.jpg,0,taking_photos,test
taking_photos/taking_photos_030.jpg,0,taking_photos,train
taking_photos/taking_photos_031.jpg,0,taking_photos,test
taking_photos/taking_photos_032.jpg,0,taking_photos,train
taking_photos/taking_photos_033.jpg,0,taking_photos,test
taking_photos/taking_photos_034.jpg,0,taking_photos,train
taking_photos/taking_photos_035.jpg,0,taking_photos,test
taking_photos/taking_photos_036.jpg,0,taking_photos,test
taking_photos/taking_photos_037.jpg,0,taking_photos,test
taking_photos/taking_photos_038.jpg,0,taking_photos,test
taking_photos/taking_photos_039.jpg,0,taking_photos,train
taking_photos/taking_photos_040.jpg,0,taking_photos,test
taking_photos/taking_photos_041.jpg,0,taking_photos,test
taking_photos/taking_photos_042.jpg,0,taking_photos,test
taking_photos/taking_photos_043.jpg,0,taking_photos,test
taking_photos/taking_photos_044.jpg,0,taking_photos,train
taking_photos/taking_photos_045.jpg,0,taking_photos,test
taking_photos/taking_photos_046.jpg,0,taking_photos,test
taking_photos/taking_photos_047.jpg,0,taking_photos,test
taking_photos/taking_photos_048.jpg,0,taking_photos,test
taking_photos/taking_photos_049.jpg,0,taking_photos,train
taking_photos/taking_photos_050.jpg,0,taking_photos,train
taking_photos/taking_photos_051.jpg,0,taking_photos,train
taking_photos/taking_photos_052.jpg,0,taking_photos,train
taking_photos/taking_photos_053.jpg,0,taking_photos,train
taking_photos/taking_photos_054.jpg,0,taking_photos,test
taking_photos/taking_photos_055.jpg,0,taking_photos,train
taking_photos/taking_photos_056.jpg,0,taking_photos,train
taking_photos/taking_photos_057.jpg,0,taking_photos,train
taking_photos/taking_photos_058.jpg,0,taking_photos,test
taking_photos/taking_photos_059.jpg,0,taking_photos,test
taking_photos/taking_photos_060.jpg,0,taking_photos,train
taking_photos/taking_photos_061.jpg,0,taking_photos,test
taking_photos/taking_photos_062.jpg,0,taking_photos,test
taking_photos/taking_photos_063.jpg,0,taking_photos,test
taking_photos/taking_photos_064.jpg,0,taking_photos,test
taking_photos/taking_photos_065.jpg,0,taking_photos,train
taking_photos/taking_photos_066.jpg,0,taking_photos,train
taking_photos/taking_photos_067.jpg,0,taking_photos,test
taking_photos/taking_photos_068.jpg,0,taking_photos,test
taking_photos/taking_photos_069.jpg,0,taking_photos,test
taking_photos/taking_photos_070.jpg,0,taking_photos,test
taking_photos/taking_photos_071.jpg,0,taking_photos,train
taking_photos/taking_photos_072.jpg,0,taking_photos,test
taking_photos/taking_photos_073.jpg,0,taking_photos,train
taking_photos/taking_photos_074.jpg,0,taking_photos,test
taking_photos/taking_photos_075.jpg,0,taking_photos,train
taking_photos/taking_photos_076.jpg,0,taking_photos,test
taking_photos/taking_photos_077.jpg,0,taking_photos,test
taking_photos/taking_photos_078.jpg,0,taking_photos,train
taking_photos/taking_photos_079.jpg,0,taking_photos,train
taking_photos/taking_photos_080.jpg,0,taking_photos,test
taking_photos/taking_photos_081.jpg,0,taking_photos,train
taking_photos/taking_photos_082.jpg,0,taking_photos,train
taking_photos/taking_photos_083.jpg,0,taking_photos,train
taking_photos/taking_photos_084.jpg,0,taking_photos,test
taking_photos/taking_photos_085.jpg,0,taking_photos,train
taking_photos/taking_photos_086.jpg,0,taking_photos,train
taking_photos/taking_photos_087.jpg,0,taking_photos,train
taking_photos/taking_photos_088.jpg,0,taking_photos,train
taking_photos/taking_photos_089.jpg,0,taking_photos,test
taking_photos/taking_photos_090.jpg,0,taking_photos,train
taking_photos/taking_photos_091.jpg,0,taking_photos,train
taking_photos/taking_photos_092.jpg,0,taking_photos,train
taking_photos/taking_photos_093.jpg,0,taking_photos,train
taking_photos/taking_photos_094.jpg,0,taking_photos,train
taking_photos/taking_photos_095.jpg,0,taking_photos,train
taking_photos/taking_photos_096.jpg,0,taking_photos,test
taking_photos/taking_photos_097.jpg,0,taking_photos,test
taking_photos/taking_photos_098.jpg,0,taking_photos,train
taking_photos/taking_photos_099.jpg,0,taking_photos,train
taking_photos/taking_photos_100.jpg,0,taking_photos,test
taking_photos/taking_photos_101.jpg,0,taking_photos,train
taking_photos/taking_photos_102.jpg,0,taking_photos,train
taking_photos/taking_photos_103.jpg,0,taking_photos,train
taking_photos/taking_photos_104.jpg,0,taking_photos,train
taking_photos/taking_photos_105.jpg,0,taking_photos,train
taking_photos/taking_photos_106.jpg,0,taking_photos,train
taking_photos/taking_photos_107.jpg,0,taking_photos,test
taking_photos/taking_photos_108.jpg,0,taking_photos,test
taking_photos/taking_photos_109.jpg,0,taking_photos,test
taking_photos/taking_photos_110.jpg,0,taking_photos,test
taking_photos/taking_photos_111.jpg,0,taking_photos,test
taking_photos/taking_photos_112.jpg,0,taking_photos,train
taking_photos/taking_photos_113.jpg,0,taking_photos,test
taking_photos/taking_photos_114.jpg,0,taking_photos,train
taking_photos/taking_photos_115.jpg,0,taking_photos,train
taking_photos/taking_photos_116.jpg,0,taking_photos,train
taking_photos/taking_photos_117.jpg,0,taking_photos,test
taking_photos/taking_photos_118.jpg,0,taking_photos,test
taking_photos/taking_photos_119.jpg,0,taking_photos,train
taking_photos/taking_photos_120.jpg,0,taking_photos,train
taking_photos/taking_photos_121.jpg,0,taking_photos,train
taking_photos/taking_photos_122.jpg,0,taking_photos,test
taking_photos/taking_photos_123.jpg,0,taking_photos,train
taking_photos/taking_photos_124.jpg,0,taking_photos,test
taking_photos/taking_photos_125.jpg,0,taking_photos,train
taking_photos/taking_photos_126.jpg,0,taking_photos,train
taking_photos/taking_photos_127.jpg,0,taking_photos,test
taking_photos/taking_photos_128.jpg,0,taking_photos,train
taking_photos/taking_photos_129.jpg,0,taking_photos,train
taking_photos/taking_photos_130.jpg,0,taking_photos,test
taking_photos/taking_photos_131.jpg,0,taking_photos,train
taking_photos/taking_photos_132.jpg,0,taking_photos,train
taking_photos/taking_photos_133.jpg,0,taking_photos,test
taking_photos/taking_photos_134.jpg,0,taking_photos,train
taking_photos/taking_photos_135.jpg,0,taking_photos,test
taking_photos/taking_photos_136.jpg,0,taking_photos,test
taking_photos/taking_photos_137.jpg,0,taking_photos,test
taking_photos/taking_photos_138.jpg,0,taking_photos,test
taking_photos/taking_photos_139.jpg,0,taking_photos,train
taking_photos/taking_photos_140.jpg,0,taking_photos,test
taking_photos/taking_photos_141.jpg,0,taking_photos,train
taking_photos/taking_photos_142.jpg,0,taking_photos,train
taking_photos/taking_photos_143.jpg,0,taking_photos,test
taking_photos/taking_photos_144.jpg,0,taking_photos,test
taking_photos/taking_photos_145.jpg,0,taking_photos,test
taking_photos/taking_photos_146.jpg,0,taking_photos,train
taking_photos/taking_photos_147.jpg,0,taking_photos,test
taking_photos/taking_photos_148.jpg,0,taking_photos,test
taking_photos/taking_photos_149.jpg,0,taking_photos,train
taking_photos/taking_photos_150.jpg,0,taking_photos,train
taking_photos/taking_photos_151.jpg,0,taking_photos,train
taking_photos/taking_photos_152.jpg,0,taking_photos,train
taking_photos/taking_photos_153.jpg,0,taking_photos,train
taking_photos/taking_photos_154.jpg,0,taking_photos,test
taking_photos/taking_photos_155.jpg,0,taking_photos,train
taking_photos/taking_photos_156.jpg,0,taking_photos,test
taking_photos/taking_photos_157.jpg,0,taking_photos,train
taking_photos/taking_photos_158.jpg,0,taking_photos,train
taking_photos/taking_photos_159.jpg,0,taking_photos,train
taking_photos/taking_photos_160.jpg,0,taking_photos,test
taking_photos/taking_photos_161.jpg,0,taking_photos,train
taking_photos/taking_photos_162.jpg,0,taking_photos,test
taking_photos/taking_photos_163.jpg,0,taking_photos,train
taking_photos/taking_photos_164.jpg,0,taking_photos,test
taking_photos/taking_photos_165.jpg,0,taking_photos,train
taking_photos/taking_photos_166.jpg,0,taking_photos,train
taking_photos/taking_photos_167.jpg,0,taking_photos,test
taking_photos/taking_photos_168.jpg,0,taking_photos,test
taking_photos/taking_photos_169.jpg,0,taking_photos,train
taking_photos/taking_photos_170.jpg,0,taking_photos,test
taking_photos/taking_photos_171.jpg,0,taking_photos,test
taking_photos/taking_photos_172.jpg,0,taking_photos,test
taking_photos/taking_photos_173.jpg,0,taking_photos,train
taking_photos/taking_photos_174.jpg,0,taking_photos,train
taking_photos/taking_photos_175.jpg,0,taking_photos,train
taking_photos/taking_photos_176.jpg,0,taking_photos,test
taking_photos/taking_photos_177.jpg,0,taking_photos,test
taking_photos/taking_photos_178.jpg,0,taking_photos,train
taking_photos/taking_photos_179.jpg,0,taking_photos,train
taking_photos/taking_photos_180.jpg,0,taking_photos,test
taking_photos/taking_photos_181.jpg,0,taking_photos,test
taking_photos/taking_photos_182.jpg,0,taking_photos,test
taking_photos/taking_photos_183.jpg,0,taking_photos,train
taking_photos/taking_photos_184.jpg,0,taking_photos,test
taking_photos/taking_photos_185.jpg,0,taking_photos,train
taking_photos/taking_photos_186.jpg,0,taking_photos,test
taking_photos/taking_photos_187.jpg,0,taking_photos,train
taking_photos/taking_photos_188.jpg,0,taking_photos,test
taking_photos/taking_photos_189.jpg,0,taking_photos,test
taking_photos/taking_photos_190.jpg,0,taking_photos,train
taking_photos/taking_photos_191.jpg,0,taking_photos,test
taking_photos/taking_photos_192.jpg,0,taking_photos,test
taking_photos/taking_photos_193.jpg,0,taking_photos,train
taking_photos/taking_photos_194.jpg,0,taking_photos,train
taking_photos/taking_photos_195.jpg,0,taking_photos,train
taking_photos/taking_photos_196.jpg,0,taking_photos,test
taking_photos/taking_photos_197.jpg,0,taking_photos,test
playing_violin/playing_violin_001.jpg,0,playing_violin,test
playing_violin/playing_violin_002.jpg,0,playing_violin,test
playing_violin/playing_violin_003.jpg,0,playing_violin,test
playing_violin/playing_violin_004.jpg,0,playing_violin,train
playing_violin/playing_violin_005.jpg,0,playing_violin,train
playing_violin/playing_violin_006.jpg,0,playing_violin,test
playing_violin/playing_violin_007.jpg,0,playing_violin,test
playing_violin/playing_violin_008.jpg,0,playing_violin,test
playing_violin/playing_violin_009.jpg,0,playing_violin,test
playing_violin/playing_violin_010.jpg,0,playing_violin,test
playing_violin/playing_violin_011.jpg,0,playing_violin,train
playing_violin/playing_violin_012.jpg,0,playing_violin,test
playing_violin/playing_violin_013.jpg,0,playing_violin,train
playing_violin/playing_violin_014.jpg,0,playing_violin,train
playing_violin/playing_violin_015.jpg,0,playing_violin,train
playing_violin/playing_violin_016.jpg,0,playing_violin,train
playing_violin/playing_violin_017.jpg,0,playing_violin,train
playing_violin/playing_violin_018.jpg,0,playing_violin,train
playing_violin/playing_violin_019.jpg,0,playing_violin,train
playing_violin/playing_violin_020.jpg,0,playing_violin,test
playing_violin/playing_violin_021.jpg,0,playing_violin,test
playing_violin/playing_violin_022.jpg,0,playing_violin,train
playing_violin/playing_violin_023.jpg,0,playing_violin,test
playing_violin/playing_violin_024.jpg,0,playing_violin,test
playing_violin/playing_violin_025.jpg,0,playing_violin,train
playing_violin/playing_violin_026.jpg,0,playing_violin,test
playing_violin/playing_violin_027.jpg,0,playing_violin,train
playing_violin/playing_violin_028.jpg,0,playing_violin,test
playing_violin/playing_violin_029.jpg,0,playing_violin,test
playing_violin/playing_violin_030.jpg,0,playing_violin,test
playing_violin/playing_violin_031.jpg,0,playing_violin,train
playing_violin/playing_violin_032.jpg,0,playing_violin,test
playing_violin/playing_violin_033.jpg,0,playing_violin,train
playing_violin/playing_violin_034.jpg,0,playing_violin,train
playing_violin/playing_violin_035.jpg,0,playing_violin,test
playing_violin/playing_violin_036.jpg,0,playing_violin,train
playing_violin/playing_violin_037.jpg,0,playing_violin,test
playing_violin/playing_violin_038.jpg,0,playing_violin,train
playing_violin/playing_violin_039.jpg,0,playing_violin,test
playing_violin/playing_violin_040.jpg,0,playing_violin,test
playing_violin/playing_violin_041.jpg,0,playing_violin,test
playing_violin/playing_violin_042.jpg,0,playing_violin,train
playing_violin/playing_violin_043.jpg,0,playing_violin,test
playing_violin/playing_violin_044.jpg,0,playing_violin,test
playing_violin/playing_violin_045.jpg,0,playing_violin,train
playing_violin/playing_violin_046.jpg,0,playing_violin,test
playing_violin/playing_violin_047.jpg,0,playing_violin,test
playing_violin/playing_violin_048.jpg,0,playing_violin,train
playing_violin/playing_violin_049.jpg,0,playing_violin,test
playing_violin/playing_violin_050.jpg,0,playing_violin,test
playing_violin/playing_violin_051.jpg,0,playing_violin,test
playing_violin/playing_violin_052.jpg,0,playing_violin,test
playing_violin/playing_violin_053.jpg,0,playing_violin,train
playing_violin/playing_violin_054.jpg,0,playing_violin,train
playing_violin/playing_violin_055.jpg,0,playing_violin,train
playing_violin/playing_violin_056.jpg,0,playing_violin,train
playing_violin/playing_violin_057.jpg,0,playing_violin,test
playing_violin/playing_violin_058.jpg,0,playing_violin,test
playing_violin/playing_violin_059.jpg,0,playing_violin,test
playing_violin/playing_violin_060.jpg,0,playing_violin,train
playing_violin/playing_violin_061.jpg,0,playing_violin,test
playing_violin/playing_violin_062.jpg,0,playing_violin,test
playing_violin/playing_violin_063.jpg,0,playing_violin,train
playing_violin/playing_violin_064.jpg,0,playing_violin,test
playing_violin/playing_violin_065.jpg,0,playing_violin,train
playing_violin/playing_violin_066.jpg,0,playing_violin,test
playing_violin/playing_violin_067.jpg,0,playing_violin,test
playing_violin/playing_violin_068.jpg,0,playing_violin,test
playing_violin/playing_violin_069.jpg,0,playing_violin,test
playing_violin/playing_violin_070.jpg,0,playing_violin,train
playing_violin/playing_violin_071.jpg,0,playing_violin,test
playing_violin/playing_violin_072.jpg,0,playing_violin,test
playing_violin/playing_violin_073.jpg,0,playing_violin,test
playing_violin/playing_violin_074.jpg,0,playing_violin,test
playing_violin/playing_violin_075.jpg,0,playing_violin,train
playing_violin/playing_violin_076.jpg,0,playing_violin,test
playing_violin/playing_violin_077.jpg,0,playing_violin,train
playing_violin/playing_violin_078.jpg,0,playing_violin,test
playing_violin/playing_violin_079.jpg,0,playing_violin,test
playing_violin/playing_violin_080.jpg,0,playing_violin,test
playing_violin/playing_violin_081.jpg,0,playing_violin,train
playing_violin/playing_violin_082.jpg,0,playing_violin,test
playing_violin/playing_violin_083.jpg,0,playing_violin,test
playing_violin/playing_violin_084.jpg,0,playing_violin,test
playing_violin/playing_violin_085.jpg,0,playing_violin,test
playing_violin/playing_violin_086.jpg,0,playing_violin,test
playing_violin/playing_violin_087.jpg,0,playing_violin,test
playing_violin/playing_violin_088.jpg,0,playing_violin,test
playing_violin/playing_violin_089.jpg,0,playing_violin,train
playing_violin/playing_violin_090.jpg,0,playing_violin,train
playing_violin/playing_violin_091.jpg,0,playing_violin,test
playing_violin/playing_violin_092.jpg,0,playing_violin,test
playing_violin/playing_violin_093.jpg,0,playing_violin,train
playing_violin/playing_violin_094.jpg,0,playing_violin,test
playing_violin/playing_violin_095.jpg,0,playing_violin,train
playing_violin/playing_violin_096.jpg,0,playing_violin,train
playing_violin/playing_violin_097.jpg,0,playing_violin,train
playing_violin/playing_violin_098.jpg,0,playing_violin,train
playing_violin/playing_violin_099.jpg,0,playing_violin,train
playing_violin/playing_violin_100.jpg,0,playing_violin,test
playing_violin/playing_violin_101.jpg,0,playing_violin,train
playing_violin/playing_violin_102.jpg,0,playing_violin,train
playing_violin/playing_violin_103.jpg,0,playing_violin,train
playing_violin/playing_violin_104.jpg,0,playing_violin,test
playing_violin/playing_violin_105.jpg,0,playing_violin,train
playing_violin/playing_violin_106.jpg,0,playing_violin,test
playing_violin/playing_violin_107.jpg,0,playing_violin,test
playing_violin/playing_violin_108.jpg,0,playing_violin,train
playing_violin/playing_violin_109.jpg,0,playing_violin,test
playing_violin/playing_violin_110.jpg,0,playing_violin,train
playing_violin/playing_violin_111.jpg,0,playing_violin,test
playing_violin/playing_violin_112.jpg,0,playing_violin,test
playing_violin/playing_violin_113.jpg,0,playing_violin,test
playing_violin/playing_violin_114.jpg,0,playing_violin,train
playing_violin/playing_violin_115.jpg,0,playing_violin,test
playing_violin/playing_violin_116.jpg,0,playing_violin,test
playing_violin/playing_violin_117.jpg,0,playing_violin,test
playing_violin/playing_violin_118.jpg,0,playing_violin,test
playing_violin/playing_violin_119.jpg,0,playing_violin,test
playing_violin/playing_violin_120.jpg,0,playing_violin,train
playing_violin/playing_violin_121.jpg,0,playing_violin,test
playing_violin/playing_violin_122.jpg,0,playing_violin,test
playing_violin/playing_violin_123.jpg,0,playing_violin,test
playing_violin/playing_violin_124.jpg,0,playing_violin,test
playing_violin/playing_violin_125.jpg,0,playing_violin,test
playing_violin/playing_violin_126.jpg,0,playing_violin,train
playing_violin/playing_violin_127.jpg,0,playing_violin,test
playing_violin/playing_violin_128.jpg,0,playing_violin,test
playing_violin/playing_violin_129.jpg,0,playing_violin,test
playing_violin/playing_violin_130.jpg,0,playing_violin,train
playing_violin/playing_violin_131.jpg,0,playing_violin,train
playing_violin/playing_violin_132.jpg,0,playing_violin,test
playing_violin/playing_violin_133.jpg,0,playing_violin,test
playing_violin/playing_violin_134.jpg,0,playing_violin,test
playing_violin/playing_violin_135.jpg,0,playing_violin,test
playing_violin/playing_violin_136.jpg,0,playing_violin,test
playing_violin/playing_violin_137.jpg,0,playing_violin,train
playing_violin/playing_violin_138.jpg,0,playing_violin,test
playing_violin/playing_violin_139.jpg,0,playing_violin,test
playing_violin/playing_violin_140.jpg,0,playing_violin,test
playing_violin/playing_violin_141.jpg,0,playing_violin,train
playing_violin/playing_violin_142.jpg,0,playing_violin,train
playing_violin/playing_violin_143.jpg,0,playing_violin,train
playing_violin/playing_violin_144.jpg,0,playing_violin,test
playing_violin/playing_violin_145.jpg,0,playing_violin,test
playing_violin/playing_violin_146.jpg,0,playing_violin,test
playing_violin/playing_violin_147.jpg,0,playing_violin,train
playing_violin/playing_violin_148.jpg,0,playing_violin,train
playing_violin/playing_violin_149.jpg,0,playing_violin,train
playing_violin/playing_violin_150.jpg,0,playing_violin,train
playing_violin/playing_violin_151.jpg,0,playing_violin,train
playing_violin/playing_violin_152.jpg,0,playing_violin,train
playing_violin/playing_violin_153.jpg,0,playing_violin,test
playing_violin/playing_violin_154.jpg,0,playing_violin,train
playing_violin/playing_violin_155.jpg,0,playing_violin,train
playing_violin/playing_violin_156.jpg,0,playing_violin,test
playing_violin/playing_violin_157.jpg,0,playing_violin,train
playing_violin/playing_violin_158.jpg,0,playing_violin,train
playing_violin/playing_violin_159.jpg,0,playing_violin,test
playing_violin/playing_violin_160.jpg,0,playing_violin,test
playing_violin/playing_violin_161.jpg,0,playing_violin,test
playing_violin/playing_violin_162.jpg,0,playing_violin,test
playing_violin/playing_violin_163.jpg,0,playing_violin,train
playing_violin/playing_violin_164.jpg,0,playing_violin,test
playing_violin/playing_violin_165.jpg,0,playing_violin,test
playing_violin/playing_violin_166.jpg,0,playing_violin,test
playing_violin/playing_violin_167.jpg,0,playing_violin,test
playing_violin/playing_violin_168.jpg,0,playing_violin,test
playing_violin/playing_violin_169.jpg,0,playing_violin,test
playing_violin/playing_violin_170.jpg,0,playing_violin,test
playing_violin/playing_violin_171.jpg,0,playing_violin,test
playing_violin/playing_violin_172.jpg,0,playing_violin,test
playing_violin/playing_violin_173.jpg,0,playing_violin,train
playing_violin/playing_violin_174.jpg,0,playing_violin,test
playing_violin/playing_violin_175.jpg,0,playing_violin,test
playing_violin/playing_violin_176.jpg,0,playing_violin,test
playing_violin/playing_violin_177.jpg,0,playing_violin,test
playing_violin/playing_violin_178.jpg,0,playing_violin,train
playing_violin/playing_violin_179.jpg,0,playing_violin,test
playing_violin/playing_violin_180.jpg,0,playing_violin,test
playing_violin/playing_violin_181.jpg,0,playing_violin,test
playing_violin/playing_violin_182.jpg,0,playing_violin,train
playing_violin/playing_violin_183.jpg,0,playing_violin,test
playing_violin/playing_violin_184.jpg,0,playing_violin,test
playing_violin/playing_violin_185.jpg,0,playing_violin,train
playing_violin/playing_violin_186.jpg,0,playing_violin,train
playing_violin/playing_violin_187.jpg,0,playing_violin,train
playing_violin/playing_violin_188.jpg,0,playing_violin,train
playing_violin/playing_violin_189.jpg,0,playing_violin,test
playing_violin/playing_violin_190.jpg,0,playing_violin,test
playing_violin/playing_violin_191.jpg,0,playing_violin,test
playing_violin/playing_violin_192.jpg,0,playing_violin,test
playing_violin/playing_violin_193.jpg,0,playing_violin,test
playing_violin/playing_violin_194.jpg,0,playing_violin,train
playing_violin/playing_violin_195.jpg,0,playing_violin,test
playing_violin/playing_violin_196.jpg,0,playing_violin,test
playing_violin/playing_violin_197.jpg,0,playing_violin,train
playing_violin/playing_violin_198.jpg,0,playing_violin,train
playing_violin/playing_violin_199.jpg,0,playing_violin,train
playing_violin/playing_violin_200.jpg,0,playing_violin,train
playing_violin/playing_violin_201.jpg,0,playing_violin,train
playing_violin/playing_violin_202.jpg,0,playing_violin,test
playing_violin/playing_violin_203.jpg,0,playing_violin,train
playing_violin/playing_violin_204.jpg,0,playing_violin,test
playing_violin/playing_violin_205.jpg,0,playing_violin,test
playing_violin/playing_violin_206.jpg,0,playing_violin,test
playing_violin/playing_violin_207.jpg,0,playing_violin,test
playing_violin/playing_violin_208.jpg,0,playing_violin,test
playing_violin/playing_violin_209.jpg,0,playing_violin,test
playing_violin/playing_violin_210.jpg,0,playing_violin,test
playing_violin/playing_violin_211.jpg,0,playing_violin,train
playing_violin/playing_violin_212.jpg,0,playing_violin,test
playing_violin/playing_violin_213.jpg,0,playing_violin,test
playing_violin/playing_violin_214.jpg,0,playing_violin,train
playing_violin/playing_violin_215.jpg,0,playing_violin,train
playing_violin/playing_violin_216.jpg,0,playing_violin,test
playing_violin/playing_violin_217.jpg,0,playing_violin,test
playing_violin/playing_violin_218.jpg,0,playing_violin,train
playing_violin/playing_violin_219.jpg,0,playing_violin,train
playing_violin/playing_violin_220.jpg,0,playing_violin,test
playing_violin/playing_violin_221.jpg,0,playing_violin,test
playing_violin/playing_violin_222.jpg,0,playing_violin,test
playing_violin/playing_violin_223.jpg,0,playing_violin,test
playing_violin/playing_violin_224.jpg,0,playing_violin,train
playing_violin/playing_violin_225.jpg,0,playing_violin,train
playing_violin/playing_violin_226.jpg,0,playing_violin,train
playing_violin/playing_violin_227.jpg,0,playing_violin,test
playing_violin/playing_violin_228.jpg,0,playing_violin,test
playing_violin/playing_violin_229.jpg,0,playing_violin,test
playing_violin/playing_violin_230.jpg,0,playing_violin,test
playing_violin/playing_violin_231.jpg,0,playing_violin,test
playing_violin/playing_violin_232.jpg,0,playing_violin,train
playing_violin/playing_violin_233.jpg,0,playing_violin,test
playing_violin/playing_violin_234.jpg,0,playing_violin,test
playing_violin/playing_violin_235.jpg,0,playing_violin,test
playing_violin/playing_violin_236.jpg,0,playing_violin,test
playing_violin/playing_violin_237.jpg,0,playing_violin,train
playing_violin/playing_violin_238.jpg,0,playing_violin,train
playing_violin/playing_violin_239.jpg,0,playing_violin,train
playing_violin/playing_violin_240.jpg,0,playing_violin,train
playing_violin/playing_violin_241.jpg,0,playing_violin,test
playing_violin/playing_violin_242.jpg,0,playing_violin,train
playing_violin/playing_violin_243.jpg,0,playing_violin,train
playing_violin/playing_violin_244.jpg,0,playing_violin,test
playing_violin/playing_violin_245.jpg,0,playing_violin,test
playing_violin/playing_violin_246.jpg,0,playing_violin,test
playing_violin/playing_violin_247.jpg,0,playing_violin,test
playing_violin/playing_violin_248.jpg,0,playing_violin,test
playing_violin/playing_violin_249.jpg,0,playing_violin,test
playing_violin/playing_violin_250.jpg,0,playing_violin,test
playing_violin/playing_violin_251.jpg,0,playing_violin,test
playing_violin/playing_violin_252.jpg,0,playing_violin,train
playing_violin/playing_violin_253.jpg,0,playing_violin,test
playing_violin/playing_violin_254.jpg,0,playing_violin,test
playing_violin/playing_violin_255.jpg,0,playing_violin,test
playing_violin/playing_violin_256.jpg,0,playing_violin,train
playing_violin/playing_violin_257.jpg,0,playing_violin,train
playing_violin/playing_violin_258.jpg,0,playing_violin,train
playing_violin/playing_violin_259.jpg,0,playing_violin,train
playing_violin/playing_violin_260.jpg,0,playing_violin,test
looking_through_a_telescope/looking_through_a_telescope_001.jpg,0,looking_through_a_telescope,train
looking_through_a_telescope/looking_through_a_telescope_002.jpg,0,looking_through_a_telescope,test
looking_through_a_telescope/looking_through_a_telescope_003.jpg,0,looking_through_a_telescope,train
looking_through_a_telescope/looking_through_a_telescope_004.jpg,0,looking_through_a_telescope,test
looking_through_a_telescope/looking_through_a_telescope_005.jpg,0,looking_through_a_telescope,train
looking_through_a_telescope/looking_through_a_telescope_006.jpg,0,looking_through_a_telescope,test
looking_through_a_telescope/looking_through_a_telescope_007.jpg,0,looking_through_a_telescope,train
looking_through_a_telescope/looking_through_a_telescope_008.jpg,0,looking_through_a_telescope,test
looking_through_a_telescope/looking_through_a_telescope_009.jpg,0,looking_through_a_telescope,train
looking_through_a_telescope/looking_through_a_telescope_010.jpg,0,looking_through_a_telescope,test
looking_through_a_telescope/looking_through_a_telescope_011.jpg,0,looking_through_a_telescope,test
looking_through_a_telescope/looking_through_a_telescope_012.jpg,0,looking_through_a_telescope,test
looking_through_a_telescope/looking_through_a_telescope_013.jpg,0,looking_through_a_telescope,train
looking_through_a_telescope/looking_through_a_telescope_014.jpg,0,looking_through_a_telescope,test
looking_through_a_telescope/looking_through_a_telescope_015.jpg,0,looking_through_a_telescope,train
looking_through_a_telescope/looking_through_a_telescope_016.jpg,0,looking_through_a_telescope,test
looking_through_a_telescope/looking_through_a_telescope_017.jpg,0,looking_through_a_telescope,train
looking_through_a_telescope/looking_through_a_telescope_018.jpg,0,looking_through_a_telescope,test
looking_through_a_telescope/looking_through_a_telescope_019.jpg,0,looking_through_a_telescope,train
looking_through_a_telescope/looking_through_a_telescope_020.jpg,0,looking_through_a_telescope,train
looking_through_a_telescope/looking_through_a_telescope_021.jpg,0,looking_through_a_telescope,test
looking_through_a_telescope/looking_through_a_telescope_022.jpg,0,looking_through_a_telescope,test
looking_through_a_telescope/looking_through_a_telescope_023.jpg,0,looking_through_a_telescope,test
looking_through_a_telescope/looking_through_a_telescope_024.jpg,0,looking_through_a_telescope,train
looking_through_a_telescope/looking_through_a_telescope_025.jpg,0,looking_through_a_telescope,test
looking_through_a_telescope/looking_through_a_telescope_026.jpg,0,looking_through_a_telescope,test
looking_through_a_telescope/looking_through_a_telescope_027.jpg,0,looking_through_a_telescope,train
looking_through_a_telescope/looking_through_a_telescope_028.jpg,0,looking_through_a_telescope,train
looking_through_a_telescope/looking_through_a_telescope_029.jpg,0,looking_through_a_telescope,test
looking_through_a_telescope/looking_through_a_telescope_030.jpg,0,looking_through_a_telescope,test
looking_through_a_telescope/looking_through_a_telescope_031.jpg,0,looking_through_a_telescope,train
looking_through_a_telescope/looking_through_a_telescope_032.jpg,0,looking_through_a_telescope,train
looking_through_a_telescope/looking_through_a_telescope_033.jpg,0,looking_through_a_telescope,train
looking_through_a_telescope/looking_through_a_telescope_034.jpg,0,looking_through_a_telescope,test
looking_through_a_telescope/looking_through_a_telescope_035.jpg,0,looking_through_a_telescope,test
looking_through_a_telescope/looking_through_a_telescope_036.jpg,0,looking_through_a_telescope,train
looking_through_a_telescope/looking_through_a_telescope_037.jpg,0,looking_through_a_telescope,test
looking_through_a_telescope/looking_through_a_telescope_038.jpg,0,looking_through_a_telescope,test
looking_through_a_telescope/looking_through_a_telescope_039.jpg,0,looking_through_a_telescope,test
looking_through_a_telescope/looking_through_a_telescope_040.jpg,0,looking_through_a_telescope,train
looking_through_a_telescope/looking_through_a_telescope_041.jpg,0,looking_through_a_telescope,train
looking_through_a_telescope/looking_through_a_telescope_042.jpg,0,looking_through_a_telescope,test
looking_through_a_telescope/looking_through_a_telescope_043.jpg,0,looking_through_a_telescope,train
looking_through_a_telescope/looking_through_a_telescope_044.jpg,0,looking_through_a_telescope,test
looking_through_a_telescope/looking_through_a_telescope_045.jpg,0,looking_through_a_telescope,train
looking_through_a_telescope/looking_through_a_telescope_046.jpg,0,looking_through_a_telescope,test
looking_through_a_telescope/looking_through_a_telescope_047.jpg,0,looking_through_a_telescope,test
looking_through_a_telescope/looking_through_a_telescope_048.jpg,0,looking_through_a_telescope,train
looking_through_a_telescope/looking_through_a_telescope_049.jpg,0,looking_through_a_telescope,test
looking_through_a_telescope/looking_through_a_telescope_050.jpg,0,looking_through_a_telescope,test
looking_through_a_telescope/looking_through_a_telescope_051.jpg,0,looking_through_a_telescope,test
looking_through_a_telescope/looking_through_a_telescope_052.jpg,0,looking_through_a_telescope,test
looking_through_a_telescope/looking_through_a_telescope_053.jpg,0,looking_through_a_telescope,test
looking_through_a_telescope/looking_through_a_telescope_054.jpg,0,looking_through_a_telescope,test
looking_through_a_telescope/looking_through_a_telescope_055.jpg,0,looking_through_a_telescope,train
looking_through_a_telescope/looking_through_a_telescope_056.jpg,0,looking_through_a_telescope,test
looking_through_a_telescope/looking_through_a_telescope_057.jpg,0,looking_through_a_telescope,test
looking_through_a_telescope/looking_through_a_telescope_058.jpg,0,looking_through_a_telescope,test
looking_through_a_telescope/looking_through_a_telescope_059.jpg,0,looking_through_a_telescope,test
looking_through_a_telescope/looking_through_a_telescope_060.jpg,0,looking_through_a_telescope,train
looking_through_a_telescope/looking_through_a_telescope_061.jpg,0,looking_through_a_telescope,test
looking_through_a_telescope/looking_through_a_telescope_062.jpg,0,looking_through_a_telescope,test
looking_through_a_telescope/looking_through_a_telescope_063.jpg,0,looking_through_a_telescope,test
looking_through_a_telescope/looking_through_a_telescope_064.jpg,0,looking_through_a_telescope,test
looking_through_a_telescope/looking_through_a_telescope_065.jpg,0,looking_through_a_telescope,train
looking_through_a_telescope/looking_through_a_telescope_066.jpg,0,looking_through_a_telescope,train
looking_through_a_telescope/looking_through_a_telescope_067.jpg,0,looking_through_a_telescope,test
looking_through_a_telescope/looking_through_a_telescope_068.jpg,0,looking_through_a_telescope,test
looking_through_a_telescope/looking_through_a_telescope_069.jpg,0,looking_through_a_telescope,train
looking_through_a_telescope/looking_through_a_telescope_070.jpg,0,looking_through_a_telescope,train
looking_through_a_telescope/looking_through_a_telescope_071.jpg,0,looking_through_a_telescope,train
looking_through_a_telescope/looking_through_a_telescope_072.jpg,0,looking_through_a_telescope,train
looking_through_a_telescope/looking_through_a_telescope_073.jpg,0,looking_through_a_telescope,train
looking_through_a_telescope/looking_through_a_telescope_074.jpg,0,looking_through_a_telescope,test
looking_through_a_telescope/looking_through_a_telescope_075.jpg,0,looking_through_a_telescope,train
looking_through_a_telescope/looking_through_a_telescope_076.jpg,0,looking_through_a_telescope,test
looking_through_a_telescope/looking_through_a_telescope_077.jpg,0,looking_through_a_telescope,test
looking_through_a_telescope/looking_through_a_telescope_078.jpg,0,looking_through_a_telescope,train
looking_through_a_telescope/looking_through_a_telescope_079.jpg,0,looking_through_a_telescope,train
looking_through_a_telescope/looking_through_a_telescope_080.jpg,0,looking_through_a_telescope,train
looking_through_a_telescope/looking_through_a_telescope_081.jpg,0,looking_through_a_telescope,test
looking_through_a_telescope/looking_through_a_telescope_082.jpg,0,looking_through_a_telescope,test
looking_through_a_telescope/looking_through_a_telescope_083.jpg,0,looking_through_a_telescope,train
looking_through_a_telescope/looking_through_a_telescope_084.jpg,0,looking_through_a_telescope,train
looking_through_a_telescope/looking_through_a_telescope_085.jpg,0,looking_through_a_telescope,test
looking_through_a_telescope/looking_through_a_telescope_086.jpg,0,looking_through_a_telescope,test
looking_through_a_telescope/looking_through_a_telescope_087.jpg,0,looking_through_a_telescope,train
looking_through_a_telescope/looking_through_a_telescope_088.jpg,0,looking_through_a_telescope,test
looking_through_a_telescope/looking_through_a_telescope_089.jpg,0,looking_through_a_telescope,train
looking_through_a_telescope/looking_through_a_telescope_090.jpg,0,looking_through_a_telescope,test
looking_through_a_telescope/looking_through_a_telescope_091.jpg,0,looking_through_a_telescope,train
looking_through_a_telescope/looking_through_a_telescope_092.jpg,0,looking_through_a_telescope,test
looking_through_a_telescope/looking_through_a_telescope_093.jpg,0,looking_through_a_telescope,test
looking_through_a_telescope/looking_through_a_telescope_094.jpg,0,looking_through_a_telescope,train
looking_through_a_telescope/looking_through_a_telescope_095.jpg,0,looking_through_a_telescope,test
looking_through_a_telescope/looking_through_a_telescope_096.jpg,0,looking_through_a_telescope,train
looking_through_a_telescope/looking_through_a_telescope_097.jpg,0,looking_through_a_telescope,test
looking_through_a_telescope/looking_through_a_telescope_098.jpg,0,looking_through_a_telescope,train
looking_through_a_telescope/looking_through_a_telescope_099.jpg,0,looking_through_a_telescope,test
looking_through_a_telescope/looking_through_a_telescope_100.jpg,0,looking_through_a_telescope,test
looking_through_a_telescope/looking_through_a_telescope_101.jpg,0,looking_through_a_telescope,train
looking_through_a_telescope/looking_through_a_telescope_102.jpg,0,looking_through_a_telescope,train
looking_through_a_telescope/looking_through_a_telescope_103.jpg,0,looking_through_a_telescope,train
looking_through_a_telescope/looking_through_a_telescope_104.jpg,0,looking_through_a_telescope,test
looking_through_a_telescope/looking_through_a_telescope_105.jpg,0,looking_through_a_telescope,test
looking_through_a_telescope/looking_through_a_telescope_106.jpg,0,looking_through_a_telescope,test
looking_through_a_telescope/looking_through_a_telescope_107.jpg,0,looking_through_a_telescope,test
looking_through_a_telescope/looking_through_a_telescope_108.jpg,0,looking_through_a_telescope,train
looking_through_a_telescope/looking_through_a_telescope_109.jpg,0,looking_through_a_telescope,test
looking_through_a_telescope/looking_through_a_telescope_110.jpg,0,looking_through_a_telescope,train
looking_through_a_telescope/looking_through_a_telescope_111.jpg,0,looking_through_a_telescope,test
looking_through_a_telescope/looking_through_a_telescope_112.jpg,0,looking_through_a_telescope,train
looking_through_a_telescope/looking_through_a_telescope_113.jpg,0,looking_through_a_telescope,train
looking_through_a_telescope/looking_through_a_telescope_114.jpg,0,looking_through_a_telescope,test
looking_through_a_telescope/looking_through_a_telescope_115.jpg,0,looking_through_a_telescope,test
looking_through_a_telescope/looking_through_a_telescope_116.jpg,0,looking_through_a_telescope,train
looking_through_a_telescope/looking_through_a_telescope_117.jpg,0,looking_through_a_telescope,test
looking_through_a_telescope/looking_through_a_telescope_118.jpg,0,looking_through_a_telescope,test
looking_through_a_telescope/looking_through_a_telescope_119.jpg,0,looking_through_a_telescope,test
looking_through_a_telescope/looking_through_a_telescope_120.jpg,0,looking_through_a_telescope,train
looking_through_a_telescope/looking_through_a_telescope_121.jpg,0,looking_through_a_telescope,train
looking_through_a_telescope/looking_through_a_telescope_122.jpg,0,looking_through_a_telescope,test
looking_through_a_telescope/looking_through_a_telescope_123.jpg,0,looking_through_a_telescope,test
looking_through_a_telescope/looking_through_a_telescope_124.jpg,0,looking_through_a_telescope,test
looking_through_a_telescope/looking_through_a_telescope_125.jpg,0,looking_through_a_telescope,train
looking_through_a_telescope/looking_through_a_telescope_126.jpg,0,looking_through_a_telescope,train
looking_through_a_telescope/looking_through_a_telescope_127.jpg,0,looking_through_a_telescope,test
looking_through_a_telescope/looking_through_a_telescope_128.jpg,0,looking_through_a_telescope,train
looking_through_a_telescope/looking_through_a_telescope_129.jpg,0,looking_through_a_telescope,train
looking_through_a_telescope/looking_through_a_telescope_130.jpg,0,looking_through_a_telescope,train
looking_through_a_telescope/looking_through_a_telescope_131.jpg,0,looking_through_a_telescope,test
looking_through_a_telescope/looking_through_a_telescope_132.jpg,0,looking_through_a_telescope,test
looking_through_a_telescope/looking_through_a_telescope_133.jpg,0,looking_through_a_telescope,train
looking_through_a_telescope/looking_through_a_telescope_134.jpg,0,looking_through_a_telescope,test
looking_through_a_telescope/looking_through_a_telescope_135.jpg,0,looking_through_a_telescope,test
looking_through_a_telescope/looking_through_a_telescope_136.jpg,0,looking_through_a_telescope,train
looking_through_a_telescope/looking_through_a_telescope_137.jpg,0,looking_through_a_telescope,test
looking_through_a_telescope/looking_through_a_telescope_138.jpg,0,looking_through_a_telescope,train
looking_through_a_telescope/looking_through_a_telescope_139.jpg,0,looking_through_a_telescope,train
looking_through_a_telescope/looking_through_a_telescope_140.jpg,0,looking_through_a_telescope,train
looking_through_a_telescope/looking_through_a_telescope_141.jpg,0,looking_through_a_telescope,test
looking_through_a_telescope/looking_through_a_telescope_142.jpg,0,looking_through_a_telescope,train
looking_through_a_telescope/looking_through_a_telescope_143.jpg,0,looking_through_a_telescope,train
looking_through_a_telescope/looking_through_a_telescope_144.jpg,0,looking_through_a_telescope,train
looking_through_a_telescope/looking_through_a_telescope_145.jpg,0,looking_through_a_telescope,test
looking_through_a_telescope/looking_through_a_telescope_146.jpg,0,looking_through_a_telescope,train
looking_through_a_telescope/looking_through_a_telescope_147.jpg,0,looking_through_a_telescope,train
looking_through_a_telescope/looking_through_a_telescope_148.jpg,0,looking_through_a_telescope,train
looking_through_a_telescope/looking_through_a_telescope_149.jpg,0,looking_through_a_telescope,test
looking_through_a_telescope/looking_through_a_telescope_150.jpg,0,looking_through_a_telescope,test
looking_through_a_telescope/looking_through_a_telescope_151.jpg,0,looking_through_a_telescope,test
looking_through_a_telescope/looking_through_a_telescope_152.jpg,0,looking_through_a_telescope,train
looking_through_a_telescope/looking_through_a_telescope_153.jpg,0,looking_through_a_telescope,test
looking_through_a_telescope/looking_through_a_telescope_154.jpg,0,looking_through_a_telescope,train
looking_through_a_telescope/looking_through_a_telescope_155.jpg,0,looking_through_a_telescope,test
looking_through_a_telescope/looking_through_a_telescope_156.jpg,0,looking_through_a_telescope,train
looking_through_a_telescope/looking_through_a_telescope_157.jpg,0,looking_through_a_telescope,train
looking_through_a_telescope/looking_through_a_telescope_158.jpg,0,looking_through_a_telescope,train
looking_through_a_telescope/looking_through_a_telescope_159.jpg,0,looking_through_a_telescope,train
looking_through_a_telescope/looking_through_a_telescope_160.jpg,0,looking_through_a_telescope,test
looking_through_a_telescope/looking_through_a_telescope_161.jpg,0,looking_through_a_telescope,train
looking_through_a_telescope/looking_through_a_telescope_162.jpg,0,looking_through_a_telescope,test
looking_through_a_telescope/looking_through_a_telescope_163.jpg,0,looking_through_a_telescope,test
looking_through_a_telescope/looking_through_a_telescope_164.jpg,0,looking_through_a_telescope,test
looking_through_a_telescope/looking_through_a_telescope_165.jpg,0,looking_through_a_telescope,test
looking_through_a_telescope/looking_through_a_telescope_166.jpg,0,looking_through_a_telescope,train
looking_through_a_telescope/looking_through_a_telescope_167.jpg,0,looking_through_a_telescope,train
looking_through_a_telescope/looking_through_a_telescope_168.jpg,0,looking_through_a_telescope,train
looking_through_a_telescope/looking_through_a_telescope_169.jpg,0,looking_through_a_telescope,test
looking_through_a_telescope/looking_through_a_telescope_170.jpg,0,looking_through_a_telescope,train
looking_through_a_telescope/looking_through_a_telescope_171.jpg,0,looking_through_a_telescope,train
looking_through_a_telescope/looking_through_a_telescope_172.jpg,0,looking_through_a_telescope,test
looking_through_a_telescope/looking_through_a_telescope_173.jpg,0,looking_through_a_telescope,train
looking_through_a_telescope/looking_through_a_telescope_174.jpg,0,looking_through_a_telescope,train
looking_through_a_telescope/looking_through_a_telescope_175.jpg,0,looking_through_a_telescope,train
looking_through_a_telescope/looking_through_a_telescope_176.jpg,0,looking_through_a_telescope,test
looking_through_a_telescope/looking_through_a_telescope_177.jpg,0,looking_through_a_telescope,train
looking_through_a_telescope/looking_through_a_telescope_178.jpg,0,looking_through_a_telescope,train
looking_through_a_telescope/looking_through_a_telescope_179.jpg,0,looking_through_a_telescope,test
looking_through_a_telescope/looking_through_a_telescope_180.jpg,0,looking_through_a_telescope,test
looking_through_a_telescope/looking_through_a_telescope_181.jpg,0,looking_through_a_telescope,train
looking_through_a_telescope/looking_through_a_telescope_182.jpg,0,looking_through_a_telescope,train
looking_through_a_telescope/looking_through_a_telescope_183.jpg,0,looking_through_a_telescope,train
looking_through_a_telescope/looking_through_a_telescope_184.jpg,0,looking_through_a_telescope,test
looking_through_a_telescope/looking_through_a_telescope_185.jpg,0,looking_through_a_telescope,train
looking_through_a_telescope/looking_through_a_telescope_186.jpg,0,looking_through_a_telescope,train
looking_through_a_telescope/looking_through_a_telescope_187.jpg,0,looking_through_a_telescope,train
looking_through_a_telescope/looking_through_a_telescope_188.jpg,0,looking_through_a_telescope,train
looking_through_a_telescope/looking_through_a_telescope_189.jpg,0,looking_through_a_telescope,test
looking_through_a_telescope/looking_through_a_telescope_190.jpg,0,looking_through_a_telescope,test
looking_through_a_telescope/looking_through_a_telescope_191.jpg,0,looking_through_a_telescope,train
looking_through_a_telescope/looking_through_a_telescope_192.jpg,0,looking_through_a_telescope,test
looking_through_a_telescope/looking_through_a_telescope_193.jpg,0,looking_through_a_telescope,train
looking_through_a_telescope/looking_through_a_telescope_194.jpg,0,looking_through_a_telescope,train
looking_through_a_telescope/looking_through_a_telescope_195.jpg,0,looking_through_a_telescope,test
looking_through_a_telescope/looking_through_a_telescope_196.jpg,0,looking_through_a_telescope,test
looking_through_a_telescope/looking_through_a_telescope_197.jpg,0,looking_through_a_telescope,train
looking_through_a_telescope/looking_through_a_telescope_198.jpg,0,looking_through_a_telescope,train
looking_through_a_telescope/looking_through_a_telescope_199.jpg,0,looking_through_a_telescope,train
looking_through_a_telescope/looking_through_a_telescope_200.jpg,0,looking_through_a_telescope,test
looking_through_a_telescope/looking_through_a_telescope_201.jpg,0,looking_through_a_telescope,test
looking_through_a_telescope/looking_through_a_telescope_202.jpg,0,looking_through_a_telescope,train
looking_through_a_telescope/looking_through_a_telescope_203.jpg,0,looking_through_a_telescope,test
applauding/applauding_198.jpg,0,applauding,test
applauding/applauding_216.jpg,0,applauding,test
applauding/applauding_021.jpg,0,applauding,test
applauding/applauding_133.jpg,0,applauding,train
applauding/applauding_262.jpg,0,applauding,test
applauding/applauding_249.jpg,0,applauding,train
applauding/applauding_208.jpg,0,applauding,test
applauding/applauding_156.jpg,0,applauding,test
cleaning_the_floor/cleaning_the_floor_123.jpg,0,cleaning_the_floor,train
cleaning_the_floor/cleaning_the_floor_092.jpg,0,cleaning_the_floor,train
cleaning_the_floor/cleaning_the_floor_150.jpg,0,cleaning_the_floor,train
cleaning_the_floor/cleaning_the_floor_056.jpg,0,cleaning_the_floor,train
cleaning_the_floor/cleaning_the_floor_130.jpg,0,cleaning_the_floor,test
cleaning_the_floor/cleaning_the_floor_036.jpg,0,cleaning_the_floor,test
cleaning_the_floor/cleaning_the_floor_073.jpg,0,cleaning_the_floor,test
cleaning_the_floor/cleaning_the_floor_194.jpg,0,cleaning_the_floor,train
climbing/climbing_049.jpg,0,climbing,test
climbing/climbing_129.jpg,0,climbing,test
climbing/climbing_273.jpg,0,climbing,test
climbing/climbing_076.jpg,0,climbing,train
climbing/climbing_159.jpg,0,climbing,train
climbing/climbing_051.jpg,0,climbing,test
climbing/climbing_038.jpg,0,climbing,train
climbing/climbing_170.jpg,0,climbing,train
cooking/cooking_242.jpg,0,cooking,test
cooking/cooking_287.jpg,0,cooking,test
cooking/cooking_052.jpg,0,cooking,test
cooking/cooking_182.jpg,0,cooking,test
cooking/cooking_223.jpg,0,cooking,test
cooking/cooking_162.jpg,0,cooking,test
cooking/cooking_105.jpg,0,cooking,train
cooking/cooking_283.jpg,0,cooking,train
cutting_trees/cutting_trees_123.jpg,0,cutting_trees,test
cutting_trees/cutting_trees_114.jpg,0,cutting_trees,test
cutting_trees/cutting_trees_134.jpg,0,cutting_trees,test
cutting_trees/cutting_trees_067.jpg,0,cutting_trees,train
cutting_trees/cutting_trees_016.jpg,0,cutting_trees,test
cutting_trees/cutting_trees_141.jpg,0,cutting_trees,test
cutting_trees/cutting_trees_004.jpg,0,cutting_trees,test
cutting_trees/cutting_trees_024.jpg,0,cutting_trees,train
cutting_vegetables/cutting_vegetables_185.jpg,0,cutting_vegetables,train
cutting_vegetables/cutting_vegetables_103.jpg,0,cutting_vegetables,train
cutting_vegetables/cutting_vegetables_182.jpg,0,cutting_vegetables,train
cutting_vegetables/cutting_vegetables_172.jpg,0,cutting_vegetables,train
cutting_vegetables/cutting_vegetables_161.jpg,0,cutting_vegetables,train
cutting_vegetables/cutting_vegetables_001.jpg,0,cutting_vegetables,test
cutting_vegetables/cutting_vegetables_157.jpg,0,cutting_vegetables,test
cutting_vegetables/cutting_vegetables_127.jpg,0,cutting_vegetables,train
feeding_a_horse/feeding_a_horse_171.jpg,0,feeding_a_horse,test
feeding_a_horse/feeding_a_horse_125.jpg,0,feeding_a_horse,test
feeding_a_horse/feeding_a_horse_167.jpg,0,feeding_a_horse,test
feeding_a_horse/feeding_a_horse_033.jpg,0,feeding_a_horse,train
feeding_a_horse/feeding_a_horse_098.jpg,0,feeding_a_horse,test
feeding_a_horse/feeding_a_horse_114.jpg,0,feeding_a_horse,train
feeding_a_horse/feeding_a_horse_123.jpg,0,feeding_a_horse,train
feeding_a_horse/feeding_a_horse_073.jpg,0,feeding_a_horse,test
fishing/fishing_230.jpg,0,fishing,test
fishing/fishing_047.jpg,0,fishing,test
fishing/fishing_042.jpg,0,fishing,train
fishing/fishing_164.jpg,0,fishing,test
fishing/fishing_261.jpg,0,fishing,train
fishing/fishing_251.jpg,0,fishing,train
fishing/fishing_056.jpg,0,fishing,test
fishing/fishing_155.jpg,0,fishing,train
fixing_a_bike/fixing_a_bike_142.jpg,0,fixing_a_bike,train
fixing_a_bike/fixing_a_bike_075.jpg,0,fixing_a_bike,train
fixing_a_bike/fixing_a_bike_181.jpg,0,fixing_a_bike,train
fixing_a_bike/fixing_a_bike_032.jpg,0,fixing_a_bike,train
fixing_a_bike/fixing_a_bike_141.jpg,0,fixing_a_bike,test
fixing_a_bike/fixing_a_bike_086.jpg,0,fixing_a_bike,test
fixing_a_bike/fixing_a_bike_209.jpg,0,fixing_a_bike,test
fixing_a_bike/fixing_a_bike_139.jpg,0,fixing_a_bike,test
fixing_a_car/fixing_a_car_053.jpg,0,fixing_a_car,test
fixing_a_car/fixing_a_car_247.jpg,0,fixing_a_car,train
fixing_a_car/fixing_a_car_205.jpg,0,fixing_a_car,test
fixing_a_car/fixing_a_car_155.jpg,0,fixing_a_car,train
fixing_a_car/fixing_a_car_141.jpg,0,fixing_a_car,train
fixing_a_car/fixing_a_car_151.jpg,0,fixing_a_car,test
fixing_a_car/fixing_a_car_074.jpg,0,fixing_a_car,test
fixing_a_car/fixing_a_car_114.jpg,0,fixing_a_car,train
gardening/gardening_024.jpg,0,gardening,train
gardening/gardening_153.jpg,0,gardening,train
gardening/gardening_099.jpg,0,gardening,train
gardening/gardening_082.jpg,0,gardening,test
gardening/gardening_148.jpg,0,gardening,test
gardening/gardening_062.jpg,0,gardening,test
gardening/gardening_075.jpg,0,gardening,test
gardening/gardening_048.jpg,0,gardening,train
holding_an_umbrella/holding_an_umbrella_097.jpg,0,holding_an_umbrella,train
holding_an_umbrella/holding_an_umbrella_096.jpg,0,holding_an_umbrella,train
holding_an_umbrella/holding_an_umbrella_017.jpg,0,holding_an_umbrella,test
holding_an_umbrella/holding_an_umbrella_134.jpg,0,holding_an_umbrella,test
holding_an_umbrella/holding_an_umbrella_244.jpg,0,holding_an_umbrella,test
holding_an_umbrella/holding_an_umbrella_036.jpg,0,holding_an_umbrella,test
holding_an_umbrella/holding_an_umbrella_046.jpg,0,holding_an_umbrella,test
holding_an_umbrella/holding_an_umbrella_067.jpg,0,holding_an_umbrella,test
jumping/jumping_077.jpg,0,jumping,test
jumping/jumping_020.jpg,0,jumping,test
jumping/jumping_042.jpg,0,jumping,train
jumping/jumping_277.jpg,0,jumping,test
jumping/jumping_201.jpg,0,jumping,test
jumping/jumping_269.jpg,0,jumping,test
jumping/jumping_142.jpg,0,jumping,train
jumping/jumping_268.jpg,0,jumping,test
looking_through_a_microscope/looking_through_a_microscope_061.jpg,0,looking_through_a_microscope,test
looking_through_a_microscope/looking_through_a_microscope_056.jpg,0,looking_through_a_microscope,test
looking_through_a_microscope/looking_through_a_microscope_174.jpg,0,looking_through_a_microscope,train
looking_through_a_microscope/looking_through_a_microscope_151.jpg,0,looking_through_a_microscope,test
looking_through_a_microscope/looking_through_a_microscope_108.jpg,0,looking_through_a_microscope,train
looking_through_a_microscope/looking_through_a_microscope_149.jpg,0,looking_through_a_microscope,test
looking_through_a_microscope/looking_through_a_microscope_071.jpg,0,looking_through_a_microscope,train
looking_through_a_microscope/looking_through_a_microscope_116.jpg,0,looking_through_a_microscope,test
playing_guitar/playing_guitar_253.jpg,0,playing_guitar,train
playing_guitar/playing_guitar_183.jpg,0,playing_guitar,test
playing_guitar/playing_guitar_043.jpg,0,playing_guitar,train
playing_guitar/playing_guitar_167.jpg,0,playing_guitar,test
playing_guitar/playing_guitar_060.jpg,0,playing_guitar,train
playing_guitar/playing_guitar_250.jpg,0,playing_guitar,test
playing_guitar/playing_guitar_172.jpg,0,playing_guitar,test
playing_guitar/playing_guitar_098.jpg,0,playing_guitar,train
pouring_liquid/pouring_liquid_063.jpg,0,pouring_liquid,train
pouring_liquid/pouring_liquid_005.jpg,0,pouring_liquid,test
pouring_liquid/pouring_liquid_188.jpg,0,pouring_liquid,train
pouring_liquid/pouring_liquid_070.jpg,0,pouring_liquid,train
pouring_liquid/pouring_liquid_030.jpg,0,pouring_liquid,train
pouring_liquid/pouring_liquid_181.jpg,0,pouring_liquid,train
pouring_liquid/pouring_liquid_057.jpg,0,pouring_liquid,test
pouring_liquid/pouring_liquid_096.jpg,0,pouring_liquid,train
pushing_a_cart/pushing_a_cart_204.jpg,0,pushing_a_cart,test
pushing_a_cart/pushing_a_cart_044.jpg,0,pushing_a_cart,test
pushing_a_cart/pushing_a_cart_086.jpg,0,pushing_a_cart,train
pushing_a_cart/pushing_a_cart_110.jpg,0,pushing_a_cart,test
pushing_a_cart/pushing_a_cart_209.jpg,0,pushing_a_cart,test
pushing_a_cart/pushing_a_cart_016.jpg,0,pushing_a_cart,test
pushing_a_cart/pushing_a_cart_026.jpg,0,pushing_a_cart,train
pushing_a_cart/pushing_a_cart_201.jpg,0,pushing_a_cart,train
reading/reading_038.jpg,0,reading,train
reading/reading_219.jpg,0,reading,train
reading/reading_179.jpg,0,reading,train
reading/reading_057.jpg,0,reading,train
reading/reading_012.jpg,0,reading,train
reading/reading_210.jpg,0,reading,test
reading/reading_147.jpg,0,reading,train
reading/reading_163.jpg,0,reading,test
riding_a_bike/riding_a_bike_274.jpg,0,riding_a_bike,test
riding_a_bike/riding_a_bike_038.jpg,0,riding_a_bike,test
riding_a_bike/riding_a_bike_014.jpg,0,riding_a_bike,test
riding_a_bike/riding_a_bike_064.jpg,0,riding_a_bike,train
riding_a_bike/riding_a_bike_097.jpg,0,riding_a_bike,test
riding_a_bike/riding_a_bike_062.jpg,0,riding_a_bike,train
riding_a_bike/riding_a_bike_201.jpg,0,riding_a_bike,test
riding_a_bike/riding_a_bike_047.jpg,0,riding_a_bike,train
riding_a_horse/riding_a_horse_190.jpg,0,riding_a_horse,test
riding_a_horse/riding_a_horse_060.jpg,0,riding_a_horse,train
riding_a_horse/riding_a_horse_019.jpg,0,riding_a_horse,train
riding_a_horse/riding_a_horse_012.jpg,0,riding_a_horse,train
riding_a_horse/riding_a_horse_100.jpg,0,riding_a_horse,train
riding_a_horse/riding_a_horse_095.jpg,0,riding_a_horse,test
riding_a_horse/riding_a_horse_064.jpg,0,riding_a_horse,train
riding_a_horse/riding_a_horse_246.jpg,0,riding_a_horse,train
rowing_a_boat/rowing_a_boat_054.jpg,0,rowing_a_boat,test
rowing_a_boat/rowing_a_boat_016.jpg,0,rowing_a_boat,test
rowing_a_boat/rowing_a_boat_174.jpg,0,rowing_a_boat,train
rowing_a_boat/rowing_a_boat_006.jpg,0,rowing_a_boat,test
rowing_a_boat/rowing_a_boat_140.jpg,0,rowing_a_boat,test
rowing_a_boat/rowing_a_boat_109.jpg,0,rowing_a_boat,test
rowing_a_boat/rowing_a_boat_159.jpg,0,rowing_a_boat,train
rowing_a_boat/rowing_a_boat_026.jpg,0,rowing_a_boat,test
running/running_214.jpg,0,running,train
running/running_067.jpg,0,running,test
running/running_018.jpg,0,running,train
running/running_057.jpg,0,running,test
running/running_019.jpg,0,running,test
running/running_166.jpg,0,running,test
running/running_078.jpg,0,running,test
running/running_090.jpg,0,running,test
shooting_an_arrow/shooting_an_arrow_112.jpg,0,shooting_an_arrow,test
shooting_an_arrow/shooting_an_arrow_047.jpg,0,shooting_an_arrow,test
shooting_an_arrow/shooting_an_arrow_016.jpg,0,shooting_an_arrow,test
shooting_an_arrow/shooting_an_arrow_129.jpg,0,shooting_an_arrow,test
shooting_an_arrow/shooting_an_arrow_120.jpg,0,shooting_an_arrow,train
shooting_an_arrow/shooting_an_arrow_011.jpg,0,shooting_an_arrow,test
shooting_an_arrow/shooting_an_arrow_153.jpg,0,shooting_an_arrow,test
shooting_an_arrow/shooting_an_arrow_026.jpg,0,shooting_an_arrow,train
throwing_frisby/throwing_frisby_180.jpg,0,throwing_frisby,test
throwing_frisby/throwing_frisby_101.jpg,0,throwing_frisby,train
throwing_frisby/throwing_frisby_052.jpg,0,throwing_frisby,test
throwing_frisby/throwing_frisby_067.jpg,0,throwing_frisby,train
throwing_frisby/throwing_frisby_092.jpg,0,throwing_frisby,test
throwing_frisby/throwing_frisby_188.jpg,0,throwing_frisby,train
throwing_frisby/throwing_frisby_121.jpg,0,throwing_frisby,train
throwing_frisby/throwing_frisby_146.jpg,0,throwing_frisby,train
using_a_computer/using_a_computer_044.jpg,0,using_a_computer,test
using_a_computer/using_a_computer_179.jpg,0,using_a_computer,test
using_a_computer/using_a_computer_173.jpg,0,using_a_computer,train
using_a_computer/using_a_computer_053.jpg,0,using_a_computer,test
using_a_computer/using_a_computer_197.jpg,0,using_a_computer,train
using_a_computer/using_a_computer_015.jpg,0,using_a_computer,test
using_a_computer/using_a_computer_202.jpg,0,using_a_computer,test
using_a_computer/using_a_computer_174.jpg,0,using_a_computer,test
walking_the_dog/walking_the_dog_082.jpg,0,walking_the_dog,test
walking_the_dog/walking_the_dog_083.jpg,0,walking_the_dog,train
walking_the_dog/walking_the_dog_176.jpg,0,walking_the_dog,train
walking_the_dog/walking_the_dog_272.jpg,0,walking_the_dog,test
walking_the_dog/walking_the_dog_129.jpg,0,walking_the_dog,train
walking_the_dog/walking_the_dog_061.jpg,0,walking_the_dog,test
walking_the_dog/walking_the_dog_227.jpg,0,walking_the_dog,train
walking_the_dog/walking_the_dog_090.jpg,0,walking_the_dog,test
washing_dishes/washing_dishes_004.jpg,0,washing_dishes,train
washing_dishes/washing_dishes_121.jpg,0,washing_dishes,train
washing_dishes/washing_dishes_175.jpg,0,washing_dishes,train
washing_dishes/washing_dishes_105.jpg,0,washing_dishes,test
washing_dishes/washing_dishes_146.jpg,0,washing_dishes,test
washing_dishes/washing_dishes_131.jpg,0,washing_dishes,test
washing_dishes/washing_dishes_080.jpg,0,washing_dishes,test
washing_dishes/washing_dishes_167.jpg,0,washing_dishes,train
watching_tv/watching_TV_092.jpg,0,watching_tv,test
watching_tv/watching_TV_100.jpg,0,watching_tv,test
watching_tv/watching_TV_215.jpg,0,watching_tv,test
watching_tv/watching_TV_169.jpg,0,watching_tv,test
watching_tv/watching_TV_065.jpg,0,watching_tv,test
watching_tv/watching_TV_040.jpg,0,watching_tv,train
watching_tv/watching_TV_144.jpg,0,watching_tv,test
watching_tv/watching_TV_177.jpg,0,watching_tv,test
waving_hands/waving_hands_004.jpg,0,waving_hands,test
waving_hands/waving_hands_118.jpg,0,waving_hands,train
waving_hands/waving_hands_190.jpg,0,waving_hands,test
waving_hands/waving_hands_021.jpg,0,waving_hands,test
waving_hands/waving_hands_086.jpg,0,waving_hands,test
waving_hands/waving_hands_012.jpg,0,waving_hands,train
waving_hands/waving_hands_140.jpg,0,waving_hands,test
waving_hands/waving_hands_072.jpg,0,waving_hands,test
writing_on_a_board/writing_on_a_board_035.jpg,0,writing_on_a_board,train
writing_on_a_board/writing_on_a_board_062.jpg,0,writing_on_a_board,train
writing_on_a_board/writing_on_a_board_124.jpg,0,writing_on_a_board,test
writing_on_a_board/writing_on_a_board_091.jpg,0,writing_on_a_board,test
writing_on_a_board/writing_on_a_board_157.jpg,0,writing_on_a_board,test
writing_on_a_board/writing_on_a_board_074.jpg,0,writing_on_a_board,train
writing_on_a_board/writing_on_a_board_173.jpg,0,writing_on_a_board,train
writing_on_a_board/writing_on_a_board_092.jpg,0,writing_on_a_board,test
writing_on_a_book/writing_on_a_book_152.jpg,0,writing_on_a_book,test
writing_on_a_book/writing_on_a_book_243.jpg,0,writing_on_a_book,train
writing_on_a_book/writing_on_a_book_229.jpg,0,writing_on_a_book,test
writing_on_a_book/writing_on_a_book_163.jpg,0,writing_on_a_book,train
writing_on_a_book/writing_on_a_book_219.jpg,0,writing_on_a_book,test
writing_on_a_book/writing_on_a_book_159.jpg,0,writing_on_a_book,test
writing_on_a_book/writing_on_a_book_034.jpg,0,writing_on_a_book,train
writing_on_a_book/writing_on_a_book_184.jpg,0,writing_on_a_book,train
