file,label,cls,split
dataset/training_data/notsmoking/notsmoking_0001.JPG,0,notsmoking,all
dataset/training_data/notsmoking/notsmoking_0002.jpg,0,notsmoking,all
dataset/training_data/notsmoking/notsmoking_0003.jpg,0,notsmoking,all
dataset/training_data/notsmoking/notsmoking_0004.jpg,0,notsmoking,all
dataset/training_data/notsmoking/notsmoking_0006.jpg,0,notsmoking,all
dataset/training_data/notsmoking/notsmoking_0007.jpg,0,notsmoking,all
dataset/training_data/notsmoking/notsmoking_0008.jpg,0,notsmoking,all
dataset/training_data/notsmoking/notsmoking_0009.jpg,0,notsmoking,all
dataset/training_data/notsmoking/notsmoking_0010.jpg,0,notsmoking,all
dataset/training_data/notsmoking/notsmoking_0011.jpg,0,notsmoking,all
dataset/training_data/notsmoking/notsmoking_0012.jpg,0,notsmoking,all
dataset/training_data/notsmoking/notsmoking_0013.jpg,0,notsmoking,all
dataset/training_data/notsmoking/notsmoking_0018.jpg,0,notsmoking,all
dataset/training_data/notsmoking/notsmoking_0019.jpg,0,notsmoking,all
dataset/training_data/notsmoking/notsmoking_0020.jpg,0,notsmoking,all
dataset/training_data/notsmoking/notsmoking_0021.jpg,0,notsmoking,all
dataset/training_data/notsmoking/notsmoking_0022.jpg,0,notsmoking,all
dataset/training_data/notsmoking/notsmoking_0023.jpg,0,notsmoking,all
dataset/training_data/notsmoking/notsmoking_0025.jpg,0,notsmoking,all
dataset/training_data/notsmoking/notsmoking_0027.jpg,0,notsmoking,all
dataset/training_data/notsmoking/notsmoking_0029.jpg,0,notsmoking,all
dataset/training_data/notsmoking/notsmoking_0030.jpg,0,notsmoking,all
dataset/training_data/notsmoking/notsmoking_0032.jpg,0,notsmoking,all
dataset/training_data/notsmoking/notsmoking_0034.jpg,0,notsmoking,all
dataset/training_data/notsmoking/notsmoking_0036.jpg,0,notsmoking,all
dataset/training_data/notsmoking/notsmoking_0037.jpg,0,notsmoking,all
dataset/training_data/notsmoking/notsmoking_0038.jpg,0,notsmoking,all
dataset/training_data/notsmoking/notsmoking_0039.jpg,0,notsmoking,all
dataset/training_data/notsmoking/notsmoking_0040.jpg,0,notsmoking,all
dataset/training_data/notsmoking/notsmoking_0041.jpg,0,notsmoking,all
dataset/training_data/notsmoking/notsmoking_0042.jpg,0,notsmoking,all
dataset/training_data/notsmoking/notsmoking_0043.jpg,0,notsmoking,all
dataset/training_data/notsmoking/notsmoking_0045.jpg,0,notsmoking,all
dataset/training_data/notsmoking/notsmoking_0046.jpg,0,notsmoking,all
dataset/training_data/notsmoking/notsmoking_0047.jpg,0,notsmoking,all
dataset/training_data/notsmoking/notsmoking_0049.jpg,0,notsmoking,all
dataset/training_data/notsmoking/notsmoking_0050.jpg,0,notsmoking,all
dataset/training_data/notsmoking/notsmoking_0053.jpg,0,notsmoking,all
dataset/training_data/notsmoking/notsmoking_0057.jpg,0,notsmoking,all
dataset/training_data/notsmoking/notsmoking_0058.jpg,0,notsmoking,all
dataset/training_data/notsmoking/notsmoking_0059.jpg,0,notsmoking,all
dataset/training_data/notsmoking/notsmoking_0060.jpg,0,notsmoking,all
dataset/training_data/notsmoking/notsmoking_0061.jpg,0,notsmoking,all
dataset/training_data/notsmoking/notsmoking_0062.jpg,0,notsmoking,all
dataset/training_data/notsmoking/notsmoking_0063.jpg,0,notsmoking,all
dataset/training_data/notsmoking/notsmoking_0065.jpg,0,notsmoking,all
dataset/training_data/notsmoking/notsmoking_0066.jpg,0,notsmoking,all
dataset/training_data/notsmoking/notsmoking_0067.jpg,0,notsmoking,all
dataset/training_data/notsmoking/notsmoking_0068.jpg,0,notsmoking,all
dataset/training_data/notsmoking/notsmoking_0071.jpg,0,notsmoking,all
dataset/training_data/notsmoking/notsmoking_0072.jpg,0,notsmoking,all
dataset/training_data/notsmoking/notsmoking_0073.jpg,0,notsmoking,all
dataset/training_data/notsmoking/notsmoking_0074.jpg,0,notsmoking,all
dataset/training_data/notsmoking/notsmoking_0075.jpg,0,notsmoking,all
dataset/training_data/notsmoking/notsmoking_0077.jpg,0,notsmoking,all
dataset/training_data/notsmoking/notsmoking_0078.jpg,0,notsmoking,all
dataset/training_data/notsmoking/notsmoking_0079.jpg,0,notsmoking,all
dataset/training_data/notsmoking/notsmoking_0080.jpg,0,notsmoking,all
dataset/training_data/notsmoking/notsmoking_0082.jpg,0,notsmoking,all
dataset/training_data/notsmoking/notsmoking_0084.jpg,0,notsmoking,all
dataset/training_data/notsmoking/notsmoking_0085.jpg,0,notsmoking,all
dataset/training_data/notsmoking/notsmoking_0086.jpg,0,notsmoking,all
dataset/training_data/notsmoking/notsmoking_0088.jpg,0,notsmoking,all
dataset/training_data/notsmoking/notsmoking_0089.jpg,0,notsmoking,all
dataset/training_data/notsmoking/notsmoking_0090.jpg,0,notsmoking,all
dataset/training_data/notsmoking/notsmoking_0093.jpg,0,notsmoking,all
dataset/training_data/notsmoking/notsmoking_0094.jpg,0,notsmoking,all
dataset/training_data/notsmoking/notsmoking_0096.jpg,0,notsmoking,all
dataset/training_data/notsmoking/notsmoking_0097.jpg,0,notsmoking,all
dataset/training_data/notsmoking/notsmoking_0099.jpg,0,notsmoking,all
dataset/training_data/notsmoking/notsmoking_0100.jpg,0,notsmoking,all
dataset/training_data/notsmoking/notsmoking_0101.jpg,0,notsmoking,all
dataset/training_data/notsmoking/notsmoking_0102.jpg,0,notsmoking,all
dataset/training_data/notsmoking/notsmoking_0104.jpg,0,notsmoking,all
dataset/training_data/notsmoking/notsmoking_0105.jpg,0,notsmoking,all
dataset/training_data/notsmoking/notsmoking_0106.jpg,0,notsmoking,all
dataset/training_data/notsmoking/notsmoking_0108.jpg,0,notsmoking,all
dataset/training_data/notsmoking/notsmoking_0109.jpg,0,notsmoking,all
dataset/training_data/notsmoking/notsmoking_0114.jpg,0,notsmoking,all
dataset/training_data/notsmoking/notsmoking_0115.jpg,0,notsmoking,all
dataset/training_data/notsmoking/notsmoking_0116.jpg,0,notsmoking,all
dataset/training_data/notsmoking/notsmoking_0117.jpg,0,notsmoking,all
dataset/training_data/notsmoking/notsmoking_0118.jpg,0,notsmoking,all
dataset/training_data/notsmoking/notsmoking_0120.jpg,0,notsmoking,all
dataset/training_data/notsmoking/notsmoking_0121.jpg,0,notsmoking,all
dataset/training_data/notsmoking/notsmoking_0122.jpg,0,notsmoking,all
dataset/training_data/notsmoking/notsmoking_0124.jpg,0,notsmoking,all
dataset/training_data/notsmoking/notsmoking_0125.jpg,0,notsmoking,all
dataset/training_data/notsmoking/notsmoking_0126.jpg,0,notsmoking,all
dataset/training_data/notsmoking/notsmoking_0127.jpg,0,notsmoking,all
dataset/training_data/notsmoking/notsmoking_0128.jpg,0,notsmoking,all
dataset/training_data/notsmoking/notsmoking_0129.jpg,0,notsmoking,all
dataset/training_data/notsmoking/notsmoking_0130.jpg,0,notsmoking,all
dataset/training_data/notsmoking/notsmoking_0131.jpg,0,notsmoking,all
dataset/training_data/notsmoking/notsmoking_0133.jpg,0,notsmoking,all
dataset/training_data/notsmoking/notsmoking_0134.jpg,0,notsmoking,all
dataset/training_data/notsmoking/notsmoking_0135.jpg,0,notsmoking,all
dataset/training_data/notsmoking/notsmoking_0136.jpg,0,notsmoking,all
dataset/training_data/notsmoking/notsmoking_0137.jpg,0,notsmoking,all
dataset/training_data/notsmoking/notsmoking_0139.jpg,0,notsmoking,all
dataset/training_data/notsmoking/notsmoking_0140.jpg,0,notsmoking,all
dataset/training_data/notsmoking/notsmoking_0141.jpg,0,notsmoking,all
dataset/training_data/notsmoking/notsmoking_0142.jpg,0,notsmoking,all
dataset/training_data/notsmoking/notsmoking_0143.jpg,0,notsmoking,all
dataset/training_data/notsmoking/notsmoking_0144.jpg,0,notsmoking,all
dataset/training_data/notsmoking/notsmoking_0146.jpg,0,notsmoking,all
dataset/training_data/notsmoking/notsmoking_0148.jpg,0,notsmoking,all
dataset/training_data/notsmoking/notsmoking_0149.jpg,0,notsmoking,all
dataset/training_data/notsmoking/notsmoking_0150.jpg,0,notsmoking,all
dataset/training_data/notsmoking/notsmoking_0151.jpg,0,notsmoking,all
dataset/training_data/notsmoking/notsmoking_0154.jpg,0,notsmoking,all
dataset/training_data/notsmoking/notsmoking_0155.jpg,0,notsmoking,all
dataset/training_data/notsmoking/notsmoking_0156.jpg,0,notsmoking,all
dataset/training_data/notsmoking/notsmoking_0157.jpg,0,notsmoking,all
dataset/training_data/notsmoking/notsmoking_0158.jpg,0,notsmoking,all
dataset/training_data/notsmoking/notsmoking_0159.jpg,0,notsmoking,all
dataset/training_data/notsmoking/notsmoking_0161.jpg,0,notsmoking,all
dataset/training_data/notsmoking/notsmoking_0163.jpg,0,notsmoking,all
dataset/training_data/notsmoking/notsmoking_0165.jpg,0,notsmoking,all
dataset/training_data/notsmoking/notsmoking_0166.jpg,0,notsmoking,all
dataset/training_data/notsmoking/notsmoking_0168.jpg,0,notsmoking,all
dataset/training_data/notsmoking/notsmoking_0169.jpg,0,notsmoking,all
dataset/training_data/notsmoking/notsmoking_0171.jpg,0,notsmoking,all
dataset/training_data/notsmoking/notsmoking_0174.jpg,0,notsmoking,all
dataset/training_data/notsmoking/notsmoking_0176.jpg,0,notsmoking,all
dataset/training_data/notsmoking/notsmoking_0178.jpg,0,notsmoking,all
dataset/training_data/notsmoking/notsmoking_0180.jpg,0,notsmoking,all
dataset/training_data/notsmoking/notsmoking_0182.jpg,0,notsmoking,all
dataset/training_data/notsmoking/notsmoking_0183.jpg,0,notsmoking,all
dataset/training_data/notsmoking/notsmoking_0185.jpg,0,notsmoking,all
dataset/training_data/notsmoking/notsmoking_0186.jpg,0,notsmoking,all
dataset/training_data/notsmoking/notsmoking_0187.jpg,0,notsmoking,all
dataset/training_data/notsmoking/notsmoking_0188.JPG,0,notsmoking,all
dataset/training_data/notsmoking/notsmoking_0189.JPG,0,notsmoking,all
dataset/training_data/notsmoking/notsmoking_0190.jpg,0,notsmoking,all
dataset/training_data/notsmoking/notsmoking_0191.jpg,0,notsmoking,all
dataset/training_data/notsmoking/notsmoking_0192.jpg,0,notsmoking,all
dataset/training_data/notsmoking/notsmoking_0193.jpg,0,notsmoking,all
dataset/training_data/notsmoking/notsmoking_0195.jpg,0,notsmoking,all
dataset/training_data/notsmoking/notsmoking_0196.jpg,0,notsmoking,all
dataset/training_data/notsmoking/notsmoking_0197.jpg,0,notsmoking,all
dataset/training_data/notsmoking/notsmoking_0198.jpg,0,notsmoking,all
dataset/training_data/notsmoking/notsmoking_0200.jpg,0,notsmoking,all
dataset/training_data/notsmoking/notsmoking_0201.jpg,0,notsmoking,all
dataset/training_data/notsmoking/notsmoking_0202.jpg,0,notsmoking,all
dataset/training_data/notsmoking/notsmoking_0203.jpg,0,notsmoking,all
dataset/training_data/notsmoking/notsmoking_0204.jpg,0,notsmoking,all
dataset/training_data/notsmoking/notsmoking_0205.jpg,0,notsmoking,all
dataset/training_data/notsmoking/notsmoking_0206.jpg,0,notsmoking,all
dataset/training_data/notsmoking/notsmoking_0208.jpg,0,notsmoking,all
dataset/training_data/notsmoking/notsmoking_0210.jpg,0,notsmoking,all
dataset/training_data/notsmoking/notsmoking_0211.jpg,0,notsmoking,all
dataset/training_data/notsmoking/notsmoking_0213.jpg,0,notsmoking,all
dataset/training_data/notsmoking/notsmoking_0214.jpg,0,notsmoking,all
dataset/training_data/notsmoking/notsmoking_0215.jpg,0,notsmoking,all
dataset/training_data/notsmoking/notsmoking_0216.jpg,0,notsmoking,all
dataset/training_data/notsmoking/notsmoking_0217.jpg,0,notsmoking,all
dataset/training_data/notsmoking/notsmoking_0219.jpg,0,notsmoking,all
dataset/training_data/notsmoking/notsmoking_0220.jpg,0,notsmoking,all
dataset/training_data/notsmoking/notsmoking_0221.jpg,0,notsmoking,all
dataset/training_data/notsmoking/notsmoking_0222.jpg,0,notsmoking,all
dataset/training_data/notsmoking/notsmoking_0223.jpg,0,notsmoking,all
dataset/training_data/notsmoking/notsmoking_0224.jpg,0,notsmoking,all
dataset/training_data/notsmoking/notsmoking_0225.jpg,0,notsmoking,all
dataset/training_data/notsmoking/notsmoking_0226.jpg,0,notsmoking,all
dataset/training_data/notsmoking/notsmoking_0227.jpg,0,notsmoking,all
dataset/training_data/notsmoking/notsmoking_0228.jpg,0,notsmoking,all
dataset/training_data/notsmoking/notsmoking_0229.jpg,0,notsmoking,all
dataset/training_data/notsmoking/notsmoking_0230.jpg,0,notsmoking,all
dataset/training_data/notsmoking/notsmoking_0231.jpg,0,notsmoking,all
dataset/training_data/notsmoking/notsmoking_0232.jpg,0,notsmoking,all
dataset/training_data/notsmoking/notsmoking_0234.jpg,0,notsmoking,all
dataset/training_data/notsmoking/notsmoking_0235.jpg,0,notsmoking,all
dataset/training_data/notsmoking/notsmoking_0236.jpg,0,notsmoking,all
dataset/training_data/notsmoking/notsmoking_0237.jpg,0,notsmoking,all
dataset/training_data/notsmoking/notsmoking_0241.jpg,0,notsmoking,all
dataset/training_data/notsmoking/notsmoking_0242.jpg,0,notsmoking,all
dataset/training_data/notsmoking/notsmoking_0243.jpg,0,notsmoking,all
dataset/training_data/notsmoking/notsmoking_0244.jpg,0,notsmoking,all
dataset/training_data/notsmoking/notsmoking_0245.jpg,0,notsmoking,all
dataset/training_data/notsmoking/notsmoking_0247.jpg,0,notsmoking,all
dataset/training_data/notsmoking/notsmoking_0249.jpg,0,notsmoking,all
dataset/training_data/notsmoking/notsmoking_0250.jpg,0,notsmoking,all
dataset/training_data/notsmoking/notsmoking_0251.jpg,0,notsmoking,all
dataset/training_data/notsmoking/notsmoking_0252.jpg,0,notsmoking,all
dataset/training_data/notsmoking/notsmoking_0255.jpg,0,notsmoking,all
dataset/training_data/notsmoking/notsmoking_0256.JPG,0,notsmoking,all
dataset/training_data/notsmoking/notsmoking_0257.jpg,0,notsmoking,all
dataset/training_data/notsmoking/notsmoking_0260.JPG,0,notsmoking,all
dataset/training_data/notsmoking/notsmoking_0261.jpg,0,notsmoking,all
dataset/training_data/notsmoking/notsmoking_0262.jpg,0,notsmoking,all
dataset/training_data/notsmoking/notsmoking_0263.jpg,0,notsmoking,all
dataset/training_data/notsmoking/notsmoking_0264.jpg,0,notsmoking,all
dataset/training_data/notsmoking/notsmoking_0265.jpg,0,notsmoking,all
dataset/training_data/notsmoking/notsmoking_0266.jpg,0,notsmoking,all
dataset/training_data/notsmoking/notsmoking_0267.jpg,0,notsmoking,all
dataset/training_data/notsmoking/notsmoking_0269.jpg,0,notsmoking,all
dataset/training_data/notsmoking/notsmoking_0270.jpg,0,notsmoking,all
dataset/training_data/notsmoking/notsmoking_0271.jpg,0,notsmoking,all
dataset/training_data/notsmoking/notsmoking_0272.jpg,0,notsmoking,all
dataset/training_data/notsmoking/notsmoking_0273.jpg,0,notsmoking,all
dataset/training_data/notsmoking/notsmoking_0274.jpg,0,notsmoking,all
dataset/training_data/notsmoking/notsmoking_0275.jpg,0,notsmoking,all
dataset/training_data/notsmoking/notsmoking_0276.jpg,0,notsmoking,all
dataset/training_data/notsmoking/notsmoking_0277.JPG,0,notsmoking,all
dataset/training_data/notsmoking/notsmoking_0280.jpg,0,notsmoking,all
dataset/training_data/notsmoking/notsmoking_0282.jpg,0,notsmoking,all
dataset/training_data/notsmoking/notsmoking_0284.jpg,0,notsmoking,all
dataset/training_data/notsmoking/notsmoking_0285.jpg,0,notsmoking,all
dataset/training_data/notsmoking/notsmoking_0286.jpg,0,notsmoking,all
dataset/training_data/notsmoking/notsmoking_0287.jpg,0,notsmoking,all
dataset/training_data/notsmoking/notsmoking_0288.jpg,0,notsmoking,all
dataset/training_data/notsmoking/notsmoking_0290.jpg,0,notsmoking,all
dataset/training_data/notsmoking/notsmoking_0291.jpg,0,notsmoking,all
dataset/training_data/notsmoking/notsmoking_0292.jpg,0,notsmoking,all
dataset/training_data/notsmoking/notsmoking_0293.jpg,0,notsmoking,all
dataset/training_data/notsmoking/notsmoking_0297.jpg,0,notsmoking,all
dataset/training_data/notsmoking/notsmoking_0298.jpg,0,notsmoking,all
dataset/training_data/notsmoking/notsmoking_0299.jpg,0,notsmoking,all
dataset/training_data/notsmoking/notsmoking_0301.jpg,0,notsmoking,all
dataset/training_data/notsmoking/notsmoking_0302.jpg,0,notsmoking,all
dataset/training_data/notsmoking/notsmoking_0303.jpg,0,notsmoking,all
dataset/training_data/notsmoking/notsmoking_0304.jpg,0,notsmoking,all
dataset/training_data/notsmoking/notsmoking_0305.jpg,0,notsmoking,all
dataset/training_data/notsmoking/notsmoking_0306.jpg,0,notsmoking,all
dataset/training_data/notsmoking/notsmoking_0308.jpg,0,notsmoking,all
dataset/training_data/notsmoking/notsmoking_0310.jpg,0,notsmoking,all
dataset/training_data/notsmoking/notsmoking_0311.jpg,0,notsmoking,all
dataset/training_data/notsmoking/notsmoking_0312.jpg,0,notsmoking,all
dataset/training_data/notsmoking/notsmoking_0313.jpg,0,notsmoking,all
dataset/training_data/notsmoking/notsmoking_0315.jpg,0,notsmoking,all
dataset/training_data/notsmoking/notsmoking_0316.jpg,0,notsmoking,all
dataset/training_data/notsmoking/notsmoking_0317.jpg,0,notsmoking,all
dataset/training_data/notsmoking/notsmoking_0319.jpg,0,notsmoking,all
dataset/training_data/notsmoking/notsmoking_0320.jpg,0,notsmoking,all
dataset/training_data/notsmoking/notsmoking_0321.jpg,0,notsmoking,all
dataset/training_data/notsmoking/notsmoking_0322.jpg,0,notsmoking,all
dataset/training_data/notsmoking/notsmoking_0323.jpg,0,notsmoking,all
dataset/training_data/notsmoking/notsmoking_0324.jpg,0,notsmoking,all
dataset/training_data/notsmoking/notsmoking_0325.jpg,0,notsmoking,all
dataset/training_data/notsmoking/notsmoking_0326.jpg,0,notsmoking,all
dataset/training_data/notsmoking/notsmoking_0327.jpg,0,notsmoking,all
dataset/training_data/notsmoking/notsmoking_0328.jpg,0,notsmoking,all
dataset/training_data/notsmoking/notsmoking_0329.jpg,0,notsmoking,all
dataset/training_data/notsmoking/notsmoking_0330.jpg,0,notsmoking,all
dataset/training_data/notsmoking/notsmoking_0331.jpg,0,notsmoking,all
dataset/training_data/notsmoking/notsmoking_0332.jpg,0,notsmoking,all
dataset/training_data/notsmoking/notsmoking_0333.jpg,0,notsmoking,all
dataset/training_data/notsmoking/notsmoking_0334.jpg,0,notsmoking,all
dataset/training_data/notsmoking/notsmoking_0335.jpg,0,notsmoking,all
dataset/training_data/notsmoking/notsmoking_0336.jpg,0,notsmoking,all
dataset/training_data/notsmoking/notsmoking_0337.jpg,0,notsmoking,all
dataset/training_data/notsmoking/notsmoking_0340.jpg,0,notsmoking,all
dataset/training_data/notsmoking/notsmoking_0341.jpg,0,notsmoking,all
dataset/training_data/notsmoking/notsmoking_0342.jpg,0,notsmoking,all
dataset/training_data/notsmoking/notsmoking_0343.jpg,0,notsmoking,all
dataset/training_data/notsmoking/notsmoking_0344.jpg,0,notsmoking,all
dataset/training_data/notsmoking/notsmoking_0346.jpg,0,notsmoking,all
dataset/training_data/notsmoking/notsmoking_0347.jpg,0,notsmoking,all
dataset/training_data/notsmoking/notsmoking_0350.jpg,0,notsmoking,all
dataset/training_data/notsmoking/notsmoking_0351.jpg,0,notsmoking,all
dataset/training_data/notsmoking/notsmoking_0352.jpg,0,notsmoking,all
dataset/training_data/notsmoking/notsmoking_0356.jpg,0,notsmoking,all
dataset/training_data/notsmoking/notsmoking_0357.jpg,0,notsmoking,all
dataset/training_data/notsmoking/notsmoking_0358.jpg,0,notsmoking,all
dataset/training_data/notsmoking/notsmoking_0359.jpg,0,notsmoking,all
dataset/training_data/notsmoking/notsmoking_0360.jpg,0,notsmoking,all
dataset/training_data/notsmoking/notsmoking_0361.jpg,0,notsmoking,all
dataset/training_data/notsmoking/notsmoking_0363.jpg,0,notsmoking,all
dataset/training_data/notsmoking/notsmoking_0365.jpg,0,notsmoking,all
dataset/training_data/notsmoking/notsmoking_0366.jpg,0,notsmoking,all
dataset/training_data/notsmoking/notsmoking_0369.jpg,0,notsmoking,all
dataset/training_data/notsmoking/notsmoking_0370.jpg,0,notsmoking,all
dataset/training_data/notsmoking/notsmoking_0372.jpg,0,notsmoking,all
dataset/training_data/notsmoking/notsmoking_0373.jpg,0,notsmoking,all
dataset/training_data/notsmoking/notsmoking_0374.jpg,0,notsmoking,all
dataset/training_data/notsmoking/notsmoking_0375.jpg,0,notsmoking,all
dataset/training_data/notsmoking/notsmoking_0376.jpg,0,notsmoking,all
dataset/training_data/notsmoking/notsmoking_0378.jpg,0,notsmoking,all
dataset/training_data/notsmoking/notsmoking_0379.jpg,0,notsmoking,all
dataset/training_data/notsmoking/notsmoking_0380.jpg,0,notsmoking,all
dataset/training_data/notsmoking/notsmoking_0381.jpg,0,notsmoking,all
dataset/training_data/notsmoking/notsmoking_0382.jpg,0,notsmoking,all
dataset/training_data/notsmoking/notsmoking_0383.jpg,0,notsmoking,all
dataset/training_data/notsmoking/notsmoking_0386.jpg,0,notsmoking,all
dataset/training_data/notsmoking/notsmoking_0387.jpg,0,notsmoking,all
dataset/training_data/notsmoking/notsmoking_0388.jpg,0,notsmoking,all
dataset/training_data/notsmoking/notsmoking_0389.jpg,0,notsmoking,all
dataset/training_data/notsmoking/notsmoking_0390.jpg,0,notsmoking,all
dataset/training_data/notsmoking/notsmoking_0391.jpg,0,notsmoking,all
dataset/training_data/notsmoking/notsmoking_0392.jpg,0,notsmoking,all
dataset/training_data/notsmoking/notsmoking_0393.jpg,0,notsmoking,all
dataset/training_data/notsmoking/notsmoking_0395.jpg,0,notsmoking,all
dataset/training_data/notsmoking/notsmoking_0398.jpg,0,notsmoking,all
dataset/training_data/notsmoking/notsmoking_0399.jpg,0,notsmoking,all
dataset/training_data/notsmoking/notsmoking_0400.jpg,0,notsmoking,all
dataset/training_data/notsmoking/notsmoking_0401.jpg,0,notsmoking,all
dataset/training_data/notsmoking/notsmoking_0402.jpg,0,notsmoking,all
dataset/training_data/notsmoking/notsmoking_0403.jpg,0,notsmoking,all
dataset/training_data/notsmoking/notsmoking_0405.jpg,0,notsmoking,all
dataset/training_data/notsmoking/notsmoking_0407.jpg,0,notsmoking,all
dataset/training_data/notsmoking/notsmoking_0408.jpg,0,notsmoking,all
dataset/training_data/notsmoking/notsmoking_0409.jpg,0,notsmoking,all
dataset/training_data/notsmoking/notsmoking_0411.jpg,0,notsmoking,all
dataset/training_data/notsmoking/notsmoking_0412.jpg,0,notsmoking,all
dataset/training_data/notsmoking/notsmoking_0413.jpg,0,notsmoking,all
dataset/training_data/notsmoking/notsmoking_0414.jpg,0,notsmoking,all
dataset/training_data/notsmoking/notsmoking_0415.jpg,0,notsmoking,all
dataset/training_data/notsmoking/notsmoking_0416.jpg,0,notsmoking,all
dataset/training_data/notsmoking/notsmoking_0417.jpg,0,notsmoking,all
dataset/training_data/notsmoking/notsmoking_0419.jpg,0,notsmoking,all
dataset/training_data/notsmoking/notsmoking_0421.jpg,0,notsmoking,all
dataset/training_data/notsmoking/notsmoking_0422.jpg,0,notsmoking,all
dataset/training_data/notsmoking/notsmoking_0423.jpg,0,notsmoking,all
dataset/training_data/notsmoking/notsmoking_0425.jpg,0,notsmoking,all
dataset/training_data/notsmoking/notsmoking_0427.jpg,0,notsmoking,all
dataset/training_data/notsmoking/notsmoking_0429.jpg,0,notsmoking,all
dataset/training_data/notsmoking/notsmoking_0430.jpg,0,notsmoking,all
dataset/training_data/notsmoking/notsmoking_0433.jpg,0,notsmoking,all
dataset/training_data/notsmoking/notsmoking_0434.jpg,0,notsmoking,all
dataset/training_data/notsmoking/notsmoking_0435.jpg,0,notsmoking,all
dataset/training_data/notsmoking/notsmoking_0436.jpg,0,notsmoking,all
dataset/training_data/notsmoking/notsmoking_0437.jpg,0,notsmoking,all
dataset/training_data/notsmoking/notsmoking_0439.jpg,0,notsmoking,all
dataset/training_data/notsmoking/notsmoking_0441.jpg,0,notsmoking,all
dataset/training_data/notsmoking/notsmoking_0443.jpg,0,notsmoking,all
dataset/training_data/notsmoking/notsmoking_0445.jpg,0,notsmoking,all
dataset/training_data/notsmoking/notsmoking_0446.jpg,0,notsmoking,all
dataset/training_data/notsmoking/notsmoking_0447.jpg,0,notsmoking,all
dataset/training_data/notsmoking/notsmoking_0448.jpg,0,notsmoking,all
dataset/training_data/notsmoking/notsmoking_0449.jpg,0,notsmoking,all
dataset/training_data/notsmoking/notsmoking_0450.jpg,0,notsmoking,all
dataset/training_data/notsmoking/notsmoking_0451.jpg,0,notsmoking,all
dataset/training_data/notsmoking/notsmoking_0452.jpg,0,notsmoking,all
dataset/training_data/notsmoking/notsmoking_0454.jpg,0,notsmoking,all
dataset/training_data/notsmoking/notsmoking_0455.jpg,0,notsmoking,all
dataset/training_data/notsmoking/notsmoking_0456.jpg,0,notsmoking,all
dataset/training_data/notsmoking/notsmoking_0457.jpg,0,notsmoking,all
dataset/training_data/notsmoking/notsmoking_0458.jpg,0,notsmoking,all
dataset/training_data/notsmoking/notsmoking_0459.jpg,0,notsmoking,all
dataset/training_data/notsmoking/notsmoking_0461.jpg,0,notsmoking,all
dataset/training_data/notsmoking/notsmoking_0462.jpg,0,notsmoking,all
dataset/training_data/notsmoking/notsmoking_0463.jpg,0,notsmoking,all
dataset/training_data/notsmoking/notsmoking_0464.jpg,0,notsmoking,all
dataset/training_data/notsmoking/notsmoking_0465.jpg,0,notsmoking,all
dataset/training_data/notsmoking/notsmoking_0466.jpg,0,notsmoking,all
dataset/training_data/notsmoking/notsmoking_0470.jpg,0,notsmoking,all
dataset/training_data/notsmoking/notsmoking_0471.jpg,0,notsmoking,all
dataset/training_data/notsmoking/notsmoking_0472.jpg,0,notsmoking,all
dataset/training_data/notsmoking/notsmoking_0473.jpg,0,notsmoking,all
dataset/training_data/notsmoking/notsmoking_0474.jpg,0,notsmoking,all
dataset/training_data/notsmoking/notsmoking_0475.jpg,0,notsmoking,all
dataset/training_data/notsmoking/notsmoking_0476.jpg,0,notsmoking,all
dataset/training_data/notsmoking/notsmoking_0477.jpg,0,notsmoking,all
dataset/training_data/notsmoking/notsmoking_0479.jpg,0,notsmoking,all
dataset/training_data/notsmoking/notsmoking_0480.jpg,0,notsmoking,all
dataset/training_data/notsmoking/notsmoking_0481.jpg,0,notsmoking,all
dataset/training_data/notsmoking/notsmoking_0482.jpg,0,notsmoking,all
dataset/training_data/notsmoking/notsmoking_0483.jpg,0,notsmoking,all
dataset/training_data/notsmoking/notsmoking_0484.jpg,0,notsmoking,all
dataset/training_data/notsmoking/notsmoking_0486.jpg,0,notsmoking,all
dataset/training_data/notsmoking/notsmoking_0487.jpg,0,notsmoking,all
dataset/training_data/notsmoking/notsmoking_0488.jpg,0,notsmoking,all
dataset/training_data/notsmoking/notsmoking_0490.jpg,0,notsmoking,all
dataset/training_data/notsmoking/notsmoking_0491.jpg,0,notsmoking,all
dataset/training_data/notsmoking/notsmoking_0493.jpg,0,notsmoking,all
dataset/training_data/notsmoking/notsmoking_0494.jpg,0,notsmoking,all
dataset/training_data/notsmoking/notsmoking_0496.jpg,0,notsmoking,all
dataset/training_data/notsmoking/notsmoking_0497.jpg,0,notsmoking,all
dataset/training_data/notsmoking/notsmoking_0498.jpg,0,notsmoking,all
dataset/training_data/notsmoking/notsmoking_0500.jpg,0,notsmoking,all
dataset/training_data/notsmoking/notsmoking_0501.jpg,0,notsmoking,all
dataset/training_data/notsmoking/notsmoking_0502.jpg,0,notsmoking,all
dataset/training_data/notsmoking/notsmoking_0503.jpg,0,notsmoking,all
dataset/training_data/notsmoking/notsmoking_0504.jpg,0,notsmoking,all
dataset/training_data/notsmoking/notsmoking_0505.jpg,0,notsmoking,all
dataset/training_data/notsmoking/notsmoking_0506.jpg,0,notsmoking,all
dataset/training_data/notsmoking/notsmoking_0507.jpg,0,notsmoking,all
dataset/training_data/notsmoking/notsmoking_0509.jpg,0,notsmoking,all
dataset/training_data/notsmoking/notsmoking_0510.jpg,0,notsmoking,all
dataset/training_data/notsmoking/notsmoking_0511.jpg,0,notsmoking,all
dataset/training_data/notsmoking/notsmoking_0512.jpg,0,notsmoking,all
dataset/training_data/notsmoking/notsmoking_0513.jpg,0,notsmoking,all
dataset/training_data/notsmoking/notsmoking_0514.jpg,0,notsmoking,all
dataset/training_data/notsmoking/notsmoking_0515.jpg,0,notsmoking,all
dataset/training_data/notsmoking/notsmoking_0516.jpg,0,notsmoking,all
dataset/training_data/notsmoking/notsmoking_0518.jpg,0,notsmoking,all
dataset/training_data/notsmoking/notsmoking_0519.jpg,0,notsmoking,all
dataset/training_data/notsmoking/notsmoking_0520.jpg,0,notsmoking,all
dataset/training_data/notsmoking/notsmoking_0521.jpg,0,notsmoking,all
dataset/training_data/notsmoking/notsmoking_0522.jpg,0,notsmoking,all
dataset/training_data/notsmoking/notsmoking_0523.jpg,0,notsmoking,all
dataset/training_data/notsmoking/notsmoking_0524.jpg,0,notsmoking,all
dataset/training_data/notsmoking/notsmoking_0525.jpg,0,notsmoking,all
dataset/training_data/notsmoking/notsmoking_0527.jpg,0,notsmoking,all
dataset/training_data/notsmoking/notsmoking_0528.jpg,0,notsmoking,all
dataset/training_data/notsmoking/notsmoking_0529.jpg,0,notsmoking,all
dataset/training_data/notsmoking/notsmoking_0530.jpg,0,notsmoking,all
dataset/training_data/notsmoking/notsmoking_0534.jpg,0,notsmoking,all
dataset/training_data/notsmoking/notsmoking_0535.jpg,0,notsmoking,all
dataset/training_data/notsmoking/notsmoking_0536.jpg,0,notsmoking,all
dataset/training_data/notsmoking/notsmoking_0537.jpg,0,notsmoking,all
dataset/training_data/notsmoking/notsmoking_0538.jpg,0,notsmoking,all
dataset/training_data/notsmoking/notsmoking_0540.jpg,0,notsmoking,all
dataset/training_data/notsmoking/notsmoking_0542.jpg,0,notsmoking,all
dataset/training_data/notsmoking/notsmoking_0543.jpg,0,notsmoking,all
dataset/training_data/notsmoking/notsmoking_0544.jpg,0,notsmoking,all
dataset/training_data/notsmoking/notsmoking_0545.jpg,0,notsmoking,all
dataset/training_data/notsmoking/notsmoking_0547.jpg,0,notsmoking,all
dataset/training_data/notsmoking/notsmoking_0548.jpg,0,notsmoking,all
dataset/training_data/notsmoking/notsmoking_0549.jpg,0,notsmoking,all
dataset/training_data/notsmoking/notsmoking_0550.jpg,0,notsmoking,all
dataset/training_data/notsmoking/notsmoking_0552.jpg,0,notsmoking,all
dataset/training_data/notsmoking/notsmoking_0553.jpg,0,notsmoking,all
dataset/training_data/notsmoking/notsmoking_0556.jpg,0,notsmoking,all
dataset/training_data/notsmoking/notsmoking_0557.jpg,0,notsmoking,all
dataset/training_data/notsmoking/notsmoking_0558.jpg,0,notsmoking,all
dataset/training_data/notsmoking/notsmoking_0559.jpg,0,notsmoking,all
dataset/training_data/notsmoking/notsmoking_0561.jpg,0,notsmoking,all
dataset/training_data/notsmoking/notsmoking_0562.jpg,0,notsmoking,all
dataset/training_data/notsmoking/notsmoking_0565.jpg,0,notsmoking,all
dataset/training_data/notsmoking/notsmoking_0566.jpg,0,notsmoking,all
dataset/training_data/notsmoking/notsmoking_0567.jpg,0,notsmoking,all
dataset/training_data/notsmoking/notsmoking_0568.jpg,0,notsmoking,all
dataset/training_data/notsmoking/notsmoking_0569.jpg,0,notsmoking,all
dataset/training_data/notsmoking/notsmoking_0571.jpg,0,notsmoking,all
dataset/training_data/notsmoking/notsmoking_0573.jpg,0,notsmoking,all
dataset/training_data/notsmoking/notsmoking_0574.jpg,0,notsmoking,all
dataset/training_data/notsmoking/notsmoking_0578.jpg,0,notsmoking,all
dataset/training_data/notsmoking/notsmoking_0579.jpg,0,notsmoking,all
dataset/training_data/notsmoking/notsmoking_0580.jpg,0,notsmoking,all
dataset/training_data/notsmoking/notsmoking_0581.jpg,0,notsmoking,all
dataset/training_data/notsmoking/notsmoking_0582.jpg,0,notsmoking,all
dataset/training_data/notsmoking/notsmoking_0583.jpg,0,notsmoking,all
dataset/training_data/notsmoking/notsmoking_0584.jpg,0,notsmoking,all
dataset/training_data/notsmoking/notsmoking_0586.jpg,0,notsmoking,all
dataset/training_data/notsmoking/notsmoking_0588.jpg,0,notsmoking,all
dataset/training_data/notsmoking/notsmoking_0589.jpg,0,notsmoking,all
dataset/training_data/notsmoking/notsmoking_0590.jpg,0,notsmoking,all
dataset/training_data/notsmoking/notsmoking_0591.jpg,0,notsmoking,all
dataset/training_data/notsmoking/notsmoking_0594.jpg,0,notsmoking,all
dataset/training_data/notsmoking/notsmoking_0595.jpg,0,notsmoking,all
dataset/training_data/notsmoking/notsmoking_0596.jpg,0,notsmoking,all
dataset/training_data/notsmoking/notsmoking_0598.jpg,0,notsmoking,all
dataset/training_data/notsmoking/notsmoking_0599.jpg,0,notsmoking,all
dataset/training_data/notsmoking/notsmoking_0600.jpg,0,notsmoking,all
dataset/training_data/notsmoking/notsmoking_0602.jpg,0,notsmoking,all
dataset/training_data/notsmoking/notsmoking_0603.jpg,0,notsmoking,all
dataset/training_data/notsmoking/notsmoking_0604.jpg,0,notsmoking,all
dataset/training_data/notsmoking/notsmoking_0606.jpg,0,notsmoking,all
dataset/training_data/notsmoking/notsmoking_0607.jpg,0,notsmoking,all
dataset/training_data/notsmoking/notsmoking_0608.jpg,0,notsmoking,all
dataset/training_data/notsmoking/notsmoking_0609.jpg,0,notsmoking,all
dataset/training_data/notsmoking/notsmoking_0611.jpg,0,notsmoking,all
dataset/training_data/notsmoking/notsmoking_0613.jpg,0,notsmoking,all
dataset/training_data/notsmoking/notsmoking_0614.jpg,0,notsmoking,all
dataset/training_data/notsmoking/notsmoking_0615.jpg,0,notsmoking,all
dataset/training_data/notsmoking/notsmoking_0616.jpg,0,notsmoking,all
dataset/training_data/notsmoking/notsmoking_0617.jpg,0,notsmoking,all
dataset/training_data/notsmoking/notsmoking_0618.jpg,0,notsmoking,all
dataset/training_data/notsmoking/notsmoking_0619.jpg,0,notsmoking,all
dataset/training_data/notsmoking/notsmoking_0621.jpg,0,notsmoking,all
dataset/training_data/notsmoking/notsmoking_0622.jpg,0,notsmoking,all
dataset/training_data/notsmoking/notsmoking_0623.jpg,0,notsmoking,all
dataset/training_data/notsmoking/notsmoking_0625.jpg,0,notsmoking,all
dataset/training_data/notsmoking/notsmoking_0626.jpg,0,notsmoking,all
dataset/training_data/notsmoking/notsmoking_0629.jpg,0,notsmoking,all
dataset/training_data/notsmoking/notsmoking_0630.jpg,0,notsmoking,all
dataset/training_data/notsmoking/notsmoking_0632.jpg,0,notsmoking,all
dataset/training_data/notsmoking/notsmoking_0633.jpg,0,notsmoking,all
dataset/training_data/notsmoking/notsmoking_0634.jpg,0,notsmoking,all
dataset/training_data/notsmoking/notsmoking_0635.jpg,0,notsmoking,all
dataset/training_data/notsmoking/notsmoking_0636.jpg,0,notsmoking,all
dataset/training_data/notsmoking/notsmoking_0637.jpg,0,notsmoking,all
dataset/training_data/notsmoking/notsmoking_0638.jpg,0,notsmoking,all
dataset/training_data/notsmoking/notsmoking_0639.jpg,0,notsmoking,all
dataset/training_data/notsmoking/notsmoking_0641.jpg,0,notsmoking,all
dataset/training_data/notsmoking/notsmoking_0642.jpg,0,notsmoking,all
dataset/training_data/notsmoking/notsmoking_0643.jpg,0,notsmoking,all
dataset/training_data/notsmoking/notsmoking_0644.jpg,0,notsmoking,all
dataset/training_data/notsmoking/notsmoking_0645.jpg,0,notsmoking,all
dataset/training_data/notsmoking/notsmoking_0646.jpg,0,notsmoking,all
dataset/training_data/notsmoking/notsmoking_0647.jpg,0,notsmoking,all
dataset/training_data/notsmoking/notsmoking_0648.jpg,0,notsmoking,all
dataset/training_data/notsmoking/notsmoking_0651.jpg,0,notsmoking,all
dataset/training_data/notsmoking/notsmoking_0655.jpg,0,notsmoking,all
dataset/training_data/notsmoking/notsmoking_0656.jpg,0,notsmoking,all
dataset/training_data/notsmoking/notsmoking_0657.jpg,0,notsmoking,all
dataset/training_data/notsmoking/notsmoking_0658.jpg,0,notsmoking,all
dataset/training_data/notsmoking/notsmoking_0659.jpg,0,notsmoking,all
dataset/training_data/notsmoking/notsmoking_0660.jpg,0,notsmoking,all
dataset/training_data/notsmoking/notsmoking_0661.jpg,0,notsmoking,all
dataset/training_data/notsmoking/notsmoking_0662.jpg,0,notsmoking,all
dataset/training_data/notsmoking/notsmoking_0663.jpg,0,notsmoking,all
dataset/training_data/notsmoking/notsmoking_0664.jpg,0,notsmoking,all
dataset/training_data/notsmoking/notsmoking_0665.jpg,0,notsmoking,all
dataset/training_data/notsmoking/notsmoking_0666.jpg,0,notsmoking,all
dataset/training_data/notsmoking/notsmoking_0667.jpg,0,notsmoking,all
dataset/training_data/notsmoking/notsmoking_0668.jpg,0,notsmoking,all
dataset/training_data/notsmoking/notsmoking_0670.jpg,0,notsmoking,all
dataset/training_data/notsmoking/notsmoking_0671.jpg,0,notsmoking,all
dataset/training_data/notsmoking/notsmoking_0672.jpg,0,notsmoking,all
dataset/training_data/notsmoking/notsmoking_0673.jpg,0,notsmoking,all
dataset/training_data/notsmoking/notsmoking_0674.jpg,0,notsmoking,all
dataset/training_data/notsmoking/notsmoking_0675.jpg,0,notsmoking,all
dataset/training_data/notsmoking/notsmoking_0677.jpg,0,notsmoking,all
dataset/training_data/notsmoking/notsmoking_0679.jpg,0,notsmoking,all
dataset/training_data/notsmoking/notsmoking_0683.jpg,0,notsmoking,all
dataset/training_data/notsmoking/notsmoking_0684.jpg,0,notsmoking,all
dataset/training_data/notsmoking/notsmoking_0685.jpg,0,notsmoking,all
dataset/training_data/notsmoking/notsmoking_0686.jpg,0,notsmoking,all
dataset/training_data/notsmoking/notsmoking_0687.jpg,0,notsmoking,all
dataset/training_data/notsmoking/notsmoking_0688.jpg,0,notsmoking,all
dataset/training_data/notsmoking/notsmoking_0689.jpg,0,notsmoking,all
dataset/training_data/notsmoking/notsmoking_0690.jpg,0,notsmoking,all
dataset/training_data/notsmoking/notsmoking_0692.jpg,0,notsmoking,all
dataset/training_data/notsmoking/notsmoking_0693.jpg,0,notsmoking,all
dataset/training_data/notsmoking/notsmoking_0694.jpg,0,notsmoking,all
dataset/training_data/notsmoking/notsmoking_0695.jpg,0,notsmoking,all
dataset/training_data/notsmoking/notsmoking_0696.jpg,0,notsmoking,all
dataset/training_data/notsmoking/notsmoking_0697.jpg,0,notsmoking,all
dataset/training_data/notsmoking/notsmoking_0698.jpg,0,notsmoking,all
dataset/training_data/notsmoking/notsmoking_0699.jpg,0,notsmoking,all
dataset/training_data/notsmoking/notsmoking_0701.jpg,0,notsmoking,all
dataset/training_data/notsmoking/notsmoking_0702.jpg,0,notsmoking,all
dataset/training_data/notsmoking/notsmoking_0703.jpg,0,notsmoking,all
dataset/training_data/notsmoking/notsmoking_0706.jpg,0,notsmoking,all
dataset/training_data/notsmoking/notsmoking_0710.jpg,0,notsmoking,all
dataset/training_data/notsmoking/notsmoking_0711.jpg,0,notsmoking,all
dataset/training_data/notsmoking/notsmoking_0713.jpg,0,notsmoking,all
dataset/training_data/notsmoking/notsmoking_0714.jpg,0,notsmoking,all
dataset/training_data/notsmoking/notsmoking_0715.jpg,0,notsmoking,all
dataset/training_data/notsmoking/notsmoking_0716.jpg,0,notsmoking,all
dataset/training_data/notsmoking/notsmoking_0718.jpg,0,notsmoking,all
dataset/training_data/notsmoking/notsmoking_0720.jpg,0,notsmoking,all
dataset/training_data/notsmoking/notsmoking_0722.jpg,0,notsmoking,all
dataset/training_data/notsmoking/notsmoking_0723.jpg,0,notsmoking,all
dataset/training_data/notsmoking/notsmoking_0724.jpg,0,notsmoking,all
dataset/training_data/notsmoking/notsmoking_0725.jpg,0,notsmoking,all
dataset/training_data/notsmoking/notsmoking_0726.jpg,0,notsmoking,all
dataset/training_data/notsmoking/notsmoking_0727.jpg,0,notsmoking,all
dataset/training_data/notsmoking/notsmoking_0728.jpg,0,notsmoking,all
dataset/training_data/notsmoking/notsmoking_0729.jpg,0,notsmoking,all
dataset/training_data/notsmoking/notsmoking_0731.jpg,0,notsmoking,all
dataset/training_data/notsmoking/notsmoking_0732.jpg,0,notsmoking,all
dataset/training_data/notsmoking/notsmoking_0733.jpg,0,notsmoking,all
dataset/training_data/notsmoking/notsmoking_0734.jpg,0,notsmoking,all
dataset/training_data/notsmoking/notsmoking_0735.jpg,0,notsmoking,all
dataset/training_data/notsmoking/notsmoking_0736.jpg,0,notsmoking,all
dataset/training_data/notsmoking/notsmoking_0737.jpg,0,notsmoking,all
dataset/training_data/notsmoking/notsmoking_0738.jpg,0,notsmoking,all
dataset/training_data/notsmoking/notsmoking_0739.jpg,0,notsmoking,all
dataset/training_data/notsmoking/notsmoking_0741.jpg,0,notsmoking,all
dataset/training_data/notsmoking/notsmoking_0742.jpg,0,notsmoking,all
dataset/training_data/notsmoking/notsmoking_0743.jpg,0,notsmoking,all
dataset/training_data/notsmoking/notsmoking_0744.jpg,0,notsmoking,all
dataset/training_data/notsmoking/notsmoking_0745.jpg,0,notsmoking,all
dataset/training_data/notsmoking/notsmoking_0746.jpg,0,notsmoking,all
dataset/training_data/notsmoking/notsmoking_0748.jpg,0,notsmoking,all
dataset/training_data/notsmoking/notsmoking_0749.jpg,0,notsmoking,all
dataset/training_data/notsmoking/notsmoking_0751.jpg,0,notsmoking,all
dataset/training_data/notsmoking/notsmoking_0753.jpg,0,notsmoking,all
dataset/training_data/notsmoking/notsmoking_0754.jpg,0,notsmoking,all
dataset/training_data/notsmoking/notsmoking_0756.jpg,0,notsmoking,all
dataset/training_data/notsmoking/notsmoking_0757.jpg,0,notsmoking,all
dataset/training_data/notsmoking/notsmoking_0758.jpg,0,notsmoking,all
dataset/training_data/notsmoking/notsmoking_0759.jpg,0,notsmoking,all
dataset/training_data/notsmoking/notsmoking_0760.jpg,0,notsmoking,all
dataset/training_data/notsmoking/notsmoking_0761.jpg,0,notsmoking,all
dataset/training_data/notsmoking/notsmoking_0762.jpg,0,notsmoking,all
dataset/training_data/notsmoking/notsmoking_0763.jpg,0,notsmoking,all
dataset/training_data/notsmoking/notsmoking_0764.jpg,0,notsmoking,all
dataset/training_data/notsmoking/notsmoking_0765.jpg,0,notsmoking,all
dataset/training_data/notsmoking/notsmoking_0766.jpg,0,notsmoking,all
dataset/training_data/notsmoking/notsmoking_0768.jpg,0,notsmoking,all
dataset/training_data/notsmoking/notsmoking_0770.jpg,0,notsmoking,all
dataset/training_data/notsmoking/notsmoking_0771.jpg,0,notsmoking,all
dataset/training_data/notsmoking/notsmoking_0772.jpg,0,notsmoking,all
dataset/training_data/notsmoking/notsmoking_0774.jpg,0,notsmoking,all
dataset/training_data/notsmoking/notsmoking_0778.jpg,0,notsmoking,all
dataset/training_data/notsmoking/notsmoking_0779.jpg,0,notsmoking,all
dataset/training_data/notsmoking/notsmoking_0780.jpg,0,notsmoking,all
dataset/training_data/notsmoking/notsmoking_0782.jpg,0,notsmoking,all
dataset/training_data/notsmoking/notsmoking_0783.jpg,0,notsmoking,all
dataset/training_data/notsmoking/notsmoking_0787.jpg,0,notsmoking,all
dataset/training_data/notsmoking/notsmoking_0788.jpg,0,notsmoking,all
dataset/training_data/notsmoking/notsmoking_0789.jpg,0,notsmoking,all
dataset/training_data/notsmoking/notsmoking_0790.jpg,0,notsmoking,all
dataset/training_data/notsmoking/notsmoking_0792.jpg,0,notsmoking,all
dataset/training_data/notsmoking/notsmoking_0793.jpg,0,notsmoking,all
dataset/training_data/notsmoking/notsmoking_0794.jpg,0,notsmoking,all
dataset/training_data/notsmoking/notsmoking_0795.jpg,0,notsmoking,all
dataset/training_data/notsmoking/notsmoking_0796.jpg,0,notsmoking,all
dataset/training_data/notsmoking/notsmoking_0797.jpg,0,notsmoking,all
dataset/training_data/notsmoking/notsmoking_0799.jpg,0,notsmoking,all
dataset/training_data/notsmoking/notsmoking_0800.jpg,0,notsmoking,all
dataset/training_data/notsmoking/notsmoking_0801.jpg,0,notsmoking,all
dataset/training_data/notsmoking/notsmoking_0803.jpg,0,notsmoking,all
dataset/training_data/notsmoking/notsmoking_0804.jpg,0,notsmoking,all
dataset/training_data/notsmoking/notsmoking_0806.jpg,0,notsmoking,all
dataset/training_data/notsmoking/notsmoking_0807.jpg,0,notsmoking,all
dataset/training_data/notsmoking/notsmoking_0808.jpg,0,notsmoking,all
dataset/training_data/notsmoking/notsmoking_0809.jpg,0,notsmoking,all
dataset/training_data/notsmoking/notsmoking_0810.jpg,0,notsmoking,all
dataset/training_data/notsmoking/notsmoking_0811.jpg,0,notsmoking,all
dataset/training_data/notsmoking/notsmoking_0812.jpg,0,notsmoking,all
dataset/training_data/notsmoking/notsmoking_0815.jpg,0,notsmoking,all
dataset/training_data/notsmoking/notsmoking_0817.jpg,0,notsmoking,all
dataset/training_data/notsmoking/notsmoking_0818.jpg,0,notsmoking,all
dataset/training_data/notsmoking/notsmoking_0819.jpg,0,notsmoking,all
dataset/training_data/notsmoking/notsmoking_0820.jpg,0,notsmoking,all
dataset/training_data/notsmoking/notsmoking_0822.jpg,0,notsmoking,all
dataset/training_data/notsmoking/notsmoking_0824.jpg,0,notsmoking,all
dataset/training_data/notsmoking/notsmoking_0826.jpg,0,notsmoking,all
dataset/training_data/notsmoking/notsmoking_0827.jpg,0,notsmoking,all
dataset/training_data/notsmoking/notsmoking_0828.jpg,0,notsmoking,all
dataset/training_data/notsmoking/notsmoking_0829.jpg,0,notsmoking,all
dataset/training_data/notsmoking/notsmoking_0830.jpg,0,notsmoking,all
dataset/training_data/notsmoking/notsmoking_0831.jpg,0,notsmoking,all
dataset/training_data/notsmoking/notsmoking_0832.jpg,0,notsmoking,all
dataset/training_data/notsmoking/notsmoking_0833.jpg,0,notsmoking,all
dataset/training_data/notsmoking/notsmoking_0835.jpg,0,notsmoking,all
dataset/training_data/notsmoking/notsmoking_0836.jpg,0,notsmoking,all
dataset/training_data/notsmoking/notsmoking_0838.jpg,0,notsmoking,all
dataset/training_data/notsmoking/notsmoking_0840.jpg,0,notsmoking,all
dataset/training_data/notsmoking/notsmoking_0841.jpg,0,notsmoking,all
dataset/training_data/notsmoking/notsmoking_0842.jpg,0,notsmoking,all
dataset/training_data/notsmoking/notsmoking_0843.jpg,0,notsmoking,all
dataset/training_data/notsmoking/notsmoking_0844.jpg,0,notsmoking,all
dataset/training_data/notsmoking/notsmoking_0845.jpg,0,notsmoking,all
dataset/training_data/notsmoking/notsmoking_0846.jpg,0,notsmoking,all
dataset/training_data/notsmoking/notsmoking_0847.jpg,0,notsmoking,all
dataset/training_data/notsmoking/notsmoking_0848.jpg,0,notsmoking,all
dataset/training_data/notsmoking/notsmoking_0850.jpg,0,notsmoking,all
dataset/training_data/notsmoking/notsmoking_0851.jpg,0,notsmoking,all
dataset/training_data/notsmoking/notsmoking_0852.jpg,0,notsmoking,all
dataset/training_data/notsmoking/notsmoking_0853.jpg,0,notsmoking,all
dataset/training_data/notsmoking/notsmoking_0854.jpg,0,notsmoking,all
dataset/training_data/notsmoking/notsmoking_0855.jpg,0,notsmoking,all
dataset/training_data/notsmoking/notsmoking_0857.jpg,0,notsmoking,all
dataset/training_data/notsmoking/notsmoking_0858.jpg,0,notsmoking,all
dataset/training_data/notsmoking/notsmoking_0859.jpg,0,notsmoking,all
dataset/training_data/notsmoking/notsmoking_0862.jpg,0,notsmoking,all
dataset/training_data/notsmoking/notsmoking_0863.jpg,0,notsmoking,all
dataset/training_data/notsmoking/notsmoking_0865.jpg,0,notsmoking,all
dataset/training_data/notsmoking/notsmoking_0866.jpg,0,notsmoking,all
dataset/training_data/notsmoking/notsmoking_0867.JPG,0,notsmoking,all
dataset/training_data/notsmoking/notsmoking_0868.jpg,0,notsmoking,all
dataset/training_data/notsmoking/notsmoking_0869.jpg,0,notsmoking,all
dataset/training_data/notsmoking/notsmoking_0870.jpg,0,notsmoking,all
dataset/training_data/notsmoking/notsmoking_0871.jpg,0,notsmoking,all
dataset/training_data/notsmoking/notsmoking_0873.jpg,0,notsmoking,all
dataset/training_data/notsmoking/notsmoking_0874.jpg,0,notsmoking,all
dataset/training_data/notsmoking/notsmoking_0875.jpg,0,notsmoking,all
dataset/training_data/notsmoking/notsmoking_0876.jpg,0,notsmoking,all
dataset/training_data/notsmoking/notsmoking_0878.jpg,0,notsmoking,all
dataset/training_data/notsmoking/notsmoking_0879.jpg,0,notsmoking,all
dataset/training_data/notsmoking/notsmoking_0880.jpg,0,notsmoking,all
dataset/training_data/notsmoking/notsmoking_0883.jpg,0,notsmoking,all
dataset/training_data/notsmoking/notsmoking_0884.jpg,0,notsmoking,all
dataset/training_data/notsmoking/notsmoking_0885.jpg,0,notsmoking,all
dataset/training_data/notsmoking/notsmoking_0887.jpg,0,notsmoking,all
dataset/training_data/notsmoking/notsmoking_0888.jpg,0,notsmoking,all
dataset/training_data/notsmoking/notsmoking_0889.jpg,0,notsmoking,all
dataset/training_data/notsmoking/notsmoking_0891.jpg,0,notsmoking,all
dataset/training_data/notsmoking/notsmoking_0892.jpg,0,notsmoking,all
dataset/training_data/notsmoking/notsmoking_0893.jpg,0,notsmoking,all
dataset/training_data/notsmoking/notsmoking_0894.jpg,0,notsmoking,all
dataset/training_data/notsmoking/notsmoking_0895.jpg,0,notsmoking,all
dataset/training_data/notsmoking/notsmoking_0897.jpg,0,notsmoking,all
dataset/training_data/notsmoking/notsmoking_0900.jpg,0,notsmoking,all
dataset/training_data/notsmoking/notsmoking_0901.jpg,0,notsmoking,all
dataset/training_data/notsmoking/notsmoking_0904.jpg,0,notsmoking,all
dataset/training_data/notsmoking/notsmoking_0905.jpg,0,notsmoking,all
dataset/training_data/notsmoking/notsmoking_0906.jpg,0,notsmoking,all
dataset/training_data/notsmoking/notsmoking_0908.jpg,0,notsmoking,all
dataset/training_data/notsmoking/notsmoking_0909.jpg,0,notsmoking,all
dataset/training_data/notsmoking/notsmoking_0910.jpg,0,notsmoking,all
dataset/training_data/notsmoking/notsmoking_0911.jpg,0,notsmoking,all
dataset/training_data/notsmoking/notsmoking_0913.jpg,0,notsmoking,all
dataset/training_data/notsmoking/notsmoking_0914.jpg,0,notsmoking,all
dataset/training_data/notsmoking/notsmoking_0915.jpg,0,notsmoking,all
dataset/training_data/notsmoking/notsmoking_0916.jpg,0,notsmoking,all
dataset/training_data/notsmoking/notsmoking_0918.jpg,0,notsmoking,all
dataset/training_data/notsmoking/notsmoking_0919.jpg,0,notsmoking,all
dataset/training_data/notsmoking/notsmoking_0921.jpg,0,notsmoking,all
dataset/training_data/notsmoking/notsmoking_0922.jpg,0,notsmoking,all
dataset/training_data/notsmoking/notsmoking_0924.jpg,0,notsmoking,all
dataset/training_data/notsmoking/notsmoking_0927.jpg,0,notsmoking,all
dataset/training_data/notsmoking/notsmoking_0928.jpg,0,notsmoking,all
dataset/training_data/notsmoking/notsmoking_0929.jpg,0,notsmoking,all
dataset/training_data/notsmoking/notsmoking_0930.jpg,0,notsmoking,all
dataset/training_data/notsmoking/notsmoking_0933.jpg,0,notsmoking,all
dataset/training_data/notsmoking/notsmoking_0935.jpg,0,notsmoking,all
dataset/training_data/notsmoking/notsmoking_0938.jpg,0,notsmoking,all
dataset/training_data/notsmoking/notsmoking_0939.jpg,0,notsmoking,all
dataset/training_data/notsmoking/notsmoking_0940.jpg,0,notsmoking,all
dataset/training_data/notsmoking/notsmoking_0942.jpg,0,notsmoking,all
dataset/training_data/notsmoking/notsmoking_0943.jpg,0,notsmoking,all
dataset/training_data/notsmoking/notsmoking_0947.jpg,0,notsmoking,all
dataset/training_data/notsmoking/notsmoking_0948.jpg,0,notsmoking,all
dataset/training_data/notsmoking/notsmoking_0949.jpg,0,notsmoking,all
dataset/training_data/notsmoking/notsmoking_0950.jpg,0,notsmoking,all
dataset/training_data/notsmoking/notsmoking_0951.jpg,0,notsmoking,all
dataset/training_data/notsmoking/notsmoking_0952.jpg,0,notsmoking,all
dataset/training_data/notsmoking/notsmoking_0953.jpg,0,notsmoking,all
dataset/training_data/notsmoking/notsmoking_0954.jpg,0,notsmoking,all
dataset/training_data/notsmoking/notsmoking_0956.jpg,0,notsmoking,all
dataset/training_data/notsmoking/notsmoking_0957.JPG,0,notsmoking,all
dataset/training_data/notsmoking/notsmoking_0960.jpg,0,notsmoking,all
dataset/training_data/notsmoking/notsmoking_0963.jpg,0,notsmoking,all
dataset/training_data/notsmoking/notsmoking_0964.jpg,0,notsmoking,all
dataset/training_data/notsmoking/notsmoking_0966.jpg,0,notsmoking,all
dataset/training_data/notsmoking/notsmoking_0967.jpg,0,notsmoking,all
dataset/training_data/notsmoking/notsmoking_0970.jpg,0,notsmoking,all
dataset/training_data/notsmoking/notsmoking_0972.jpg,0,notsmoking,all
dataset/training_data/notsmoking/notsmoking_0974.jpg,0,notsmoking,all
dataset/training_data/notsmoking/notsmoking_0977.jpg,0,notsmoking,all
dataset/training_data/notsmoking/notsmoking_0978.jpg,0,notsmoking,all
dataset/training_data/notsmoking/notsmoking_0979.jpg,0,notsmoking,all
dataset/training_data/notsmoking/notsmoking_0980.jpg,0,notsmoking,all
dataset/training_data/notsmoking/notsmoking_0982.jpg,0,notsmoking,all
dataset/training_data/notsmoking/notsmoking_0983.jpg,0,notsmoking,all
dataset/training_data/notsmoking/notsmoking_0985.jpg,0,notsmoking,all
dataset/training_data/notsmoking/notsmoking_0986.jpg,0,notsmoking,all
dataset/training_data/notsmoking/notsmoking_0987.jpg,0,notsmoking,all
dataset/training_data/notsmoking/notsmoking_0989.jpg,0,notsmoking,all
dataset/training_data/notsmoking/notsmoking_0990.jpg,0,notsmoking,all
dataset/training_data/notsmoking/notsmoking_0991.jpg,0,notsmoking,all
dataset/training_data/notsmoking/notsmoking_0992.jpg,0,notsmoking,all
dataset/training_data/notsmoking/notsmoking_0994.jpg,0,notsmoking,all
dataset/training_data/notsmoking/notsmoking_0996.jpg,0,notsmoking,all
dataset/training_data/notsmoking/notsmoking_0997.jpg,0,notsmoking,all
dataset/training_data/notsmoking/notsmoking_0999.jpg,0,notsmoking,all
dataset/training_data/notsmoking/notsmoking_1003.jpg,0,notsmoking,all
dataset/training_data/notsmoking/notsmoking_1005.jpg,0,notsmoking,all
dataset/training_data/notsmoking/notsmoking_1007.jpg,0,notsmoking,all
dataset/training_data/notsmoking/notsmoking_1008.jpg,0,notsmoking,all
dataset/training_data/notsmoking/notsmoking_1009.jpg,0,notsmoking,all
dataset/training_data/notsmoking/notsmoking_1010.jpg,0,notsmoking,all
dataset/training_data/notsmoking/notsmoking_1011.jpg,0,notsmoking,all
dataset/training_data/notsmoking/notsmoking_1012.jpg,0,notsmoking,all
dataset/training_data/notsmoking/notsmoking_1013.jpg,0,notsmoking,all
dataset/training_data/notsmoking/notsmoking_1014.jpg,0,notsmoking,all
dataset/training_data/notsmoking/notsmoking_1015.jpg,0,notsmoking,all
dataset/training_data/notsmoking/notsmoking_1016.jpg,0,notsmoking,all
dataset/training_data/notsmoking/notsmoking_1017.jpg,0,notsmoking,all
dataset/training_data/notsmoking/notsmoking_1019.jpg,0,notsmoking,all
dataset/training_data/notsmoking/notsmoking_1020.jpg,0,notsmoking,all
dataset/training_data/notsmoking/notsmoking_1022.jpg,0,notsmoking,all
dataset/training_data/notsmoking/notsmoking_1024.jpg,0,notsmoking,all
dataset/training_data/notsmoking/notsmoking_1025.jpg,0,notsmoking,all
dataset/training_data/notsmoking/notsmoking_1026.jpg,0,notsmoking,all
dataset/training_data/notsmoking/notsmoking_1027.jpg,0,notsmoking,all
dataset/training_data/notsmoking/notsmoking_1028.jpg,0,notsmoking,all
dataset/training_data/notsmoking/notsmoking_1029.jpg,0,notsmoking,all
dataset/training_data/notsmoking/notsmoking_1033.jpg,0,notsmoking,all
dataset/training_data/notsmoking/notsmoking_1034.jpg,0,notsmoking,all
dataset/training_data/notsmoking/notsmoking_1036.jpg,0,notsmoking,all
dataset/training_data/notsmoking/notsmoking_1038.jpg,0,notsmoking,all
dataset/training_data/notsmoking/notsmoking_1039.jpg,0,notsmoking,all
dataset/training_data/notsmoking/notsmoking_1040.jpg,0,notsmoking,all
dataset/training_data/notsmoking/notsmoking_1041.jpg,0,notsmoking,all
dataset/training_data/notsmoking/notsmoking_1043.jpg,0,notsmoking,all
dataset/training_data/notsmoking/notsmoking_1045.jpg,0,notsmoking,all
dataset/training_data/notsmoking/notsmoking_1046.jpg,0,notsmoking,all
dataset/training_data/notsmoking/notsmoking_1047.jpg,0,notsmoking,all
dataset/training_data/notsmoking/notsmoking_1048.jpg,0,notsmoking,all
dataset/training_data/notsmoking/notsmoking_1050.jpg,0,notsmoking,all
dataset/training_data/notsmoking/notsmoking_1051.jpg,0,notsmoking,all
dataset/training_data/notsmoking/notsmoking_1052.jpg,0,notsmoking,all
dataset/training_data/notsmoking/notsmoking_1053.jpg,0,notsmoking,all
dataset/training_data/notsmoking/notsmoking_1054.JPG,0,notsmoking,all
dataset/training_data/notsmoking/notsmoking_1055.jpg,0,notsmoking,all
dataset/training_data/notsmoking/notsmoking_1059.jpg,0,notsmoking,all
dataset/training_data/notsmoking/notsmoking_1060.jpg,0,notsmoking,all
dataset/training_data/notsmoking/notsmoking_1061.jpg,0,notsmoking,all
dataset/training_data/notsmoking/notsmoking_1062.jpg,0,notsmoking,all
dataset/training_data/notsmoking/notsmoking_1063.jpg,0,notsmoking,all
dataset/training_data/notsmoking/notsmoking_1064.jpg,0,notsmoking,all
dataset/training_data/notsmoking/notsmoking_1066.jpg,0,notsmoking,all
dataset/training_data/notsmoking/notsmoking_1067.jpg,0,notsmoking,all
dataset/training_data/notsmoking/notsmoking_1068.jpg,0,notsmoking,all
dataset/training_data/notsmoking/notsmoking_1069.jpg,0,notsmoking,all
dataset/training_data/notsmoking/notsmoking_1070.jpg,0,notsmoking,all
dataset/training_data/notsmoking/notsmoking_1072.jpg,0,notsmoking,all
dataset/training_data/notsmoking/notsmoking_1073.jpg,0,notsmoking,all
dataset/training_data/notsmoking/notsmoking_1074.jpg,0,notsmoking,all
dataset/training_data/notsmoking/notsmoking_1075.jpg,0,notsmoking,all
dataset/training_data/notsmoking/notsmoking_1076.jpg,0,notsmoking,all
dataset/training_data/notsmoking/notsmoking_1077.jpg,0,notsmoking,all
dataset/training_data/notsmoking/notsmoking_1078.jpg,0,notsmoking,all
dataset/training_data/notsmoking/notsmoking_1080.jpg,0,notsmoking,all
dataset/training_data/notsmoking/notsmoking_1083.jpg,0,notsmoking,all
dataset/training_data/notsmoking/notsmoking_1084.jpg,0,notsmoking,all
dataset/training_data/notsmoking/notsmoking_1085.jpg,0,notsmoking,all
dataset/training_data/notsmoking/notsmoking_1086.jpg,0,notsmoking,all
dataset/training_data/notsmoking/notsmoking_1087.jpg,0,notsmoking,all
dataset/training_data/notsmoking/notsmoking_1089.jpg,0,notsmoking,all
dataset/training_data/notsmoking/notsmoking_1090.jpg,0,notsmoking,all
dataset/training_data/notsmoking/notsmoking_1091.jpg,0,notsmoking,all
dataset/training_data/notsmoking/notsmoking_1092.jpg,0,notsmoking,all
dataset/training_data/notsmoking/notsmoking_1093.jpg,0,notsmoking,all
dataset/training_data/notsmoking/notsmoking_1095.jpg,0,notsmoking,all
dataset/training_data/notsmoking/notsmoking_1097.jpg,0,notsmoking,all
dataset/training_data/smoking/smoking_0001.jpg,1,smoking,all
dataset/training_data/smoking/smoking_0002.jpg,1,smoking,all
dataset/training_data/smoking/smoking_0003.jpg,1,smoking,all
dataset/training_data/smoking/smoking_0004.jpg,1,smoking,all
dataset/training_data/smoking/smoking_0005.jpg,1,smoking,all
dataset/training_data/smoking/smoking_0006.jpg,1,smoking,all
dataset/training_data/smoking/smoking_0007.jpg,1,smoking,all
dataset/training_data/smoking/smoking_0009.jpg,1,smoking,all
dataset/training_data/smoking/smoking_0010.jpg,1,smoking,all
dataset/training_data/smoking/smoking_0011.jpg,1,smoking,all
dataset/training_data/smoking/smoking_0014.jpg,1,smoking,all
dataset/training_data/smoking/smoking_0015.jpg,1,smoking,all
dataset/training_data/smoking/smoking_0016.jpg,1,smoking,all
dataset/training_data/smoking/smoking_0017.jpg,1,smoking,all
dataset/training_data/smoking/smoking_0018.jpg,1,smoking,all
dataset/training_data/smoking/smoking_0019.jpg,1,smoking,all
dataset/training_data/smoking/smoking_0021.jpg,1,smoking,all
dataset/training_data/smoking/smoking_0023.jpg,1,smoking,all
dataset/training_data/smoking/smoking_0026.jpg,1,smoking,all
dataset/training_data/smoking/smoking_0027.jpg,1,smoking,all
dataset/training_data/smoking/smoking_0029.jpg,1,smoking,all
dataset/training_data/smoking/smoking_0030.jpg,1,smoking,all
dataset/training_data/smoking/smoking_0032.jpg,1,smoking,all
dataset/training_data/smoking/smoking_0033.jpg,1,smoking,all
dataset/training_data/smoking/smoking_0034.jpg,1,smoking,all
dataset/training_data/smoking/smoking_0035.jpg,1,smoking,all
dataset/training_data/smoking/smoking_0036.jpg,1,smoking,all
dataset/training_data/smoking/smoking_0038.jpg,1,smoking,all
dataset/training_data/smoking/smoking_0040.jpg,1,smoking,all
dataset/training_data/smoking/smoking_0041.jpg,1,smoking,all
dataset/training_data/smoking/smoking_0045.jpg,1,smoking,all
dataset/training_data/smoking/smoking_0046.jpg,1,smoking,all
dataset/training_data/smoking/smoking_0047.jpg,1,smoking,all
dataset/training_data/smoking/smoking_0048.jpg,1,smoking,all
dataset/training_data/smoking/smoking_0049.jpg,1,smoking,all
dataset/training_data/smoking/smoking_0051.jpg,1,smoking,all
dataset/training_data/smoking/smoking_0052.jpg,1,smoking,all
dataset/training_data/smoking/smoking_0053.jpg,1,smoking,all
dataset/training_data/smoking/smoking_0054.jpg,1,smoking,all
dataset/training_data/smoking/smoking_0055.jpg,1,smoking,all
dataset/training_data/smoking/smoking_0056.jpg,1,smoking,all
dataset/training_data/smoking/smoking_0062.jpg,1,smoking,all
dataset/training_data/smoking/smoking_0064.jpg,1,smoking,all
dataset/training_data/smoking/smoking_0065.jpg,1,smoking,all
dataset/training_data/smoking/smoking_0068.jpg,1,smoking,all
dataset/training_data/smoking/smoking_0069.jpg,1,smoking,all
dataset/training_data/smoking/smoking_0071.jpg,1,smoking,all
dataset/training_data/smoking/smoking_0072.jpg,1,smoking,all
dataset/training_data/smoking/smoking_0073.jpg,1,smoking,all
dataset/training_data/smoking/smoking_0074.jpg,1,smoking,all
dataset/training_data/smoking/smoking_0076.jpg,1,smoking,all
dataset/training_data/smoking/smoking_0077.jpg,1,smoking,all
dataset/training_data/smoking/smoking_0078.jpg,1,smoking,all
dataset/training_data/smoking/smoking_0079.jpg,1,smoking,all
dataset/training_data/smoking/smoking_0080.jpg,1,smoking,all
dataset/training_data/smoking/smoking_0081.jpg,1,smoking,all
dataset/training_data/smoking/smoking_0082.jpg,1,smoking,all
dataset/training_data/smoking/smoking_0083.jpg,1,smoking,all
dataset/training_data/smoking/smoking_0084.jpg,1,smoking,all
dataset/training_data/smoking/smoking_0086.jpg,1,smoking,all
dataset/training_data/smoking/smoking_0087.jpg,1,smoking,all
dataset/training_data/smoking/smoking_0088.jpg,1,smoking,all
dataset/training_data/smoking/smoking_0090.jpg,1,smoking,all
dataset/training_data/smoking/smoking_0091.jpg,1,smoking,all
dataset/training_data/smoking/smoking_0092.jpg,1,smoking,all
dataset/training_data/smoking/smoking_0093.jpg,1,smoking,all
dataset/training_data/smoking/smoking_0094.jpg,1,smoking,all
dataset/training_data/smoking/smoking_0095.jpg,1,smoking,all
dataset/training_data/smoking/smoking_0097.jpg,1,smoking,all
dataset/training_data/smoking/smoking_0099.jpg,1,smoking,all
dataset/training_data/smoking/smoking_0100.jpg,1,smoking,all
dataset/training_data/smoking/smoking_0101.jpg,1,smoking,all
dataset/training_data/smoking/smoking_0103.jpg,1,smoking,all
dataset/training_data/smoking/smoking_0104.jpg,1,smoking,all
dataset/training_data/smoking/smoking_0105.jpg,1,smoking,all
dataset/training_data/smoking/smoking_0106.jpg,1,smoking,all
dataset/training_data/smoking/smoking_0109.jpg,1,smoking,all
dataset/training_data/smoking/smoking_0110.jpg,1,smoking,all
dataset/training_data/smoking/smoking_0111.jpg,1,smoking,all
dataset/training_data/smoking/smoking_0112.jpg,1,smoking,all
dataset/training_data/smoking/smoking_0113.jpg,1,smoking,all
dataset/training_data/smoking/smoking_0114.jpg,1,smoking,all
dataset/training_data/smoking/smoking_0116.jpg,1,smoking,all
dataset/training_data/smoking/smoking_0117.jpg,1,smoking,all
dataset/training_data/smoking/smoking_0118.jpg,1,smoking,all
dataset/training_data/smoking/smoking_0119.jpg,1,smoking,all
dataset/training_data/smoking/smoking_0120.jpg,1,smoking,all
dataset/training_data/smoking/smoking_0122.jpg,1,smoking,all
dataset/training_data/smoking/smoking_0124.jpg,1,smoking,all
dataset/training_data/smoking/smoking_0127.jpg,1,smoking,all
dataset/training_data/smoking/smoking_0128.jpg,1,smoking,all
dataset/training_data/smoking/smoking_0130.jpg,1,smoking,all
dataset/training_data/smoking/smoking_0131.jpg,1,smoking,all
dataset/training_data/smoking/smoking_0132.jpg,1,smoking,all
dataset/training_data/smoking/smoking_0133.jpg,1,smoking,all
dataset/training_data/smoking/smoking_0134.jpg,1,smoking,all
dataset/training_data/smoking/smoking_0136.jpg,1,smoking,all
dataset/training_data/smoking/smoking_0137.jpg,1,smoking,all
dataset/training_data/smoking/smoking_0139.jpg,1,smoking,all
dataset/training_data/smoking/smoking_0141.jpg,1,smoking,all
dataset/training_data/smoking/smoking_0142.jpg,1,smoking,all
dataset/training_data/smoking/smoking_0143.jpg,1,smoking,all
dataset/training_data/smoking/smoking_0144.jpg,1,smoking,all
dataset/training_data/smoking/smoking_0147.jpg,1,smoking,all
dataset/training_data/smoking/smoking_0148.jpg,1,smoking,all
dataset/training_data/smoking/smoking_0151.jpg,1,smoking,all
dataset/training_data/smoking/smoking_0152.jpg,1,smoking,all
dataset/training_data/smoking/smoking_0153.jpg,1,smoking,all
dataset/training_data/smoking/smoking_0154.jpg,1,smoking,all
dataset/training_data/smoking/smoking_0155.jpg,1,smoking,all
dataset/training_data/smoking/smoking_0156.jpg,1,smoking,all
dataset/training_data/smoking/smoking_0157.jpg,1,smoking,all
dataset/training_data/smoking/smoking_0160.jpg,1,smoking,all
dataset/training_data/smoking/smoking_0163.jpg,1,smoking,all
dataset/training_data/smoking/smoking_0168.jpg,1,smoking,all
dataset/training_data/smoking/smoking_0170.jpg,1,smoking,all
dataset/training_data/smoking/smoking_0171.jpg,1,smoking,all
dataset/training_data/smoking/smoking_0172.jpg,1,smoking,all
dataset/training_data/smoking/smoking_0173.jpg,1,smoking,all
dataset/training_data/smoking/smoking_0174.jpg,1,smoking,all
dataset/training_data/smoking/smoking_0175.jpg,1,smoking,all
dataset/training_data/smoking/smoking_0176.jpg,1,smoking,all
dataset/training_data/smoking/smoking_0177.jpg,1,smoking,all
dataset/training_data/smoking/smoking_0178.jpg,1,smoking,all
dataset/training_data/smoking/smoking_0180.jpg,1,smoking,all
dataset/training_data/smoking/smoking_0181.jpg,1,smoking,all
dataset/training_data/smoking/smoking_0182.jpg,1,smoking,all
dataset/training_data/smoking/smoking_0184.jpg,1,smoking,all
dataset/training_data/smoking/smoking_0185.jpg,1,smoking,all
dataset/training_data/smoking/smoking_0186.jpg,1,smoking,all
dataset/training_data/smoking/smoking_0188.jpg,1,smoking,all
dataset/training_data/smoking/smoking_0189.jpg,1,smoking,all
dataset/training_data/smoking/smoking_0192.jpg,1,smoking,all
dataset/training_data/smoking/smoking_0194.jpg,1,smoking,all
dataset/training_data/smoking/smoking_0195.jpg,1,smoking,all
dataset/training_data/smoking/smoking_0198.jpg,1,smoking,all
dataset/training_data/smoking/smoking_0199.jpg,1,smoking,all
dataset/training_data/smoking/smoking_0200.jpg,1,smoking,all
dataset/training_data/smoking/smoking_0201.jpg,1,smoking,all
dataset/training_data/smoking/smoking_0203.jpg,1,smoking,all
dataset/training_data/smoking/smoking_0206.jpg,1,smoking,all
dataset/training_data/smoking/smoking_0207.jpg,1,smoking,all
dataset/training_data/smoking/smoking_0208.jpg,1,smoking,all
dataset/training_data/smoking/smoking_0209.jpg,1,smoking,all
dataset/training_data/smoking/smoking_0210.jpg,1,smoking,all
dataset/training_data/smoking/smoking_0211.jpg,1,smoking,all
dataset/training_data/smoking/smoking_0212.jpg,1,smoking,all
dataset/training_data/smoking/smoking_0214.jpg,1,smoking,all
dataset/training_data/smoking/smoking_0216.jpg,1,smoking,all
dataset/training_data/smoking/smoking_0218.jpg,1,smoking,all
dataset/training_data/smoking/smoking_0219.jpg,1,smoking,all
dataset/training_data/smoking/smoking_0220.jpg,1,smoking,all
dataset/training_data/smoking/smoking_0222.jpg,1,smoking,all
dataset/training_data/smoking/smoking_0223.jpg,1,smoking,all
dataset/training_data/smoking/smoking_0225.jpg,1,smoking,all
dataset/training_data/smoking/smoking_0226.jpg,1,smoking,all
dataset/training_data/smoking/smoking_0227.jpg,1,smoking,all
dataset/training_data/smoking/smoking_0228.jpg,1,smoking,all
dataset/training_data/smoking/smoking_0229.jpg,1,smoking,all
dataset/training_data/smoking/smoking_0231.jpg,1,smoking,all
dataset/training_data/smoking/smoking_0233.jpg,1,smoking,all
dataset/training_data/smoking/smoking_0234.jpg,1,smoking,all
dataset/training_data/smoking/smoking_0235.jpg,1,smoking,all
dataset/training_data/smoking/smoking_0236.jpg,1,smoking,all
dataset/training_data/smoking/smoking_0237.jpg,1,smoking,all
dataset/training_data/smoking/smoking_0238.jpg,1,smoking,all
dataset/training_data/smoking/smoking_0239.jpg,1,smoking,all
dataset/training_data/smoking/smoking_0240.jpg,1,smoking,all
dataset/training_data/smoking/smoking_0242.jpg,1,smoking,all
dataset/training_data/smoking/smoking_0244.jpg,1,smoking,all
dataset/training_data/smoking/smoking_0245.jpg,1,smoking,all
dataset/training_data/smoking/smoking_0246.jpg,1,smoking,all
dataset/training_data/smoking/smoking_0247.jpg,1,smoking,all
dataset/training_data/smoking/smoking_0248.jpg,1,smoking,all
dataset/training_data/smoking/smoking_0249.jpg,1,smoking,all
dataset/training_data/smoking/smoking_0251.jpg,1,smoking,all
dataset/training_data/smoking/smoking_0252.jpg,1,smoking,all
dataset/training_data/smoking/smoking_0254.jpg,1,smoking,all
dataset/training_data/smoking/smoking_0255.jpg,1,smoking,all
dataset/training_data/smoking/smoking_0257.jpg,1,smoking,all
dataset/training_data/smoking/smoking_0259.jpg,1,smoking,all
dataset/training_data/smoking/smoking_0260.jpg,1,smoking,all
dataset/training_data/smoking/smoking_0262.jpg,1,smoking,all
dataset/training_data/smoking/smoking_0264.jpg,1,smoking,all
dataset/training_data/smoking/smoking_0265.jpg,1,smoking,all
dataset/training_data/smoking/smoking_0267.jpg,1,smoking,all
dataset/training_data/smoking/smoking_0268.jpg,1,smoking,all
dataset/training_data/smoking/smoking_0269.jpg,1,smoking,all
dataset/training_data/smoking/smoking_0271.jpg,1,smoking,all
dataset/training_data/smoking/smoking_0272.jpg,1,smoking,all
dataset/training_data/smoking/smoking_0274.jpg,1,smoking,all
dataset/training_data/smoking/smoking_0275.jpg,1,smoking,all
dataset/training_data/smoking/smoking_0277.jpg,1,smoking,all
dataset/training_data/smoking/smoking_0279.jpg,1,smoking,all
dataset/training_data/smoking/smoking_0280.jpg,1,smoking,all
dataset/training_data/smoking/smoking_0281.jpg,1,smoking,all
dataset/training_data/smoking/smoking_0283.jpg,1,smoking,all
dataset/training_data/smoking/smoking_0286.jpg,1,smoking,all
dataset/training_data/smoking/smoking_0287.jpg,1,smoking,all
dataset/training_data/smoking/smoking_0288.jpg,1,smoking,all
dataset/training_data/smoking/smoking_0289.jpg,1,smoking,all
dataset/training_data/smoking/smoking_0290.jpg,1,smoking,all
dataset/training_data/smoking/smoking_0291.jpg,1,smoking,all
dataset/training_data/smoking/smoking_0293.jpg,1,smoking,all
dataset/training_data/smoking/smoking_0294.jpg,1,smoking,all
dataset/training_data/smoking/smoking_0297.jpg,1,smoking,all
dataset/training_data/smoking/smoking_0298.jpg,1,smoking,all
dataset/training_data/smoking/smoking_0299.jpg,1,smoking,all
dataset/training_data/smoking/smoking_0301.jpg,1,smoking,all
dataset/training_data/smoking/smoking_0302.jpg,1,smoking,all
dataset/training_data/smoking/smoking_0304.jpg,1,smoking,all
dataset/training_data/smoking/smoking_0307.jpg,1,smoking,all
dataset/training_data/smoking/smoking_0309.jpg,1,smoking,all
dataset/training_data/smoking/smoking_0310.jpg,1,smoking,all
dataset/training_data/smoking/smoking_0311.jpg,1,smoking,all
dataset/training_data/smoking/smoking_0312.jpg,1,smoking,all
dataset/training_data/smoking/smoking_0313.jpg,1,smoking,all
dataset/training_data/smoking/smoking_0314.jpg,1,smoking,all
dataset/training_data/smoking/smoking_0315.jpg,1,smoking,all
dataset/training_data/smoking/smoking_0316.jpg,1,smoking,all
dataset/training_data/smoking/smoking_0317.jpg,1,smoking,all
dataset/training_data/smoking/smoking_0318.jpg,1,smoking,all
dataset/training_data/smoking/smoking_0319.jpg,1,smoking,all
dataset/training_data/smoking/smoking_0320.jpg,1,smoking,all
dataset/training_data/smoking/smoking_0321.jpg,1,smoking,all
dataset/training_data/smoking/smoking_0322.jpg,1,smoking,all
dataset/training_data/smoking/smoking_0324.jpg,1,smoking,all
dataset/training_data/smoking/smoking_0325.jpg,1,smoking,all
dataset/training_data/smoking/smoking_0328.jpg,1,smoking,all
dataset/training_data/smoking/smoking_0329.jpg,1,smoking,all
dataset/training_data/smoking/smoking_0333.jpg,1,smoking,all
dataset/training_data/smoking/smoking_0335.jpg,1,smoking,all
dataset/training_data/smoking/smoking_0336.jpg,1,smoking,all
dataset/training_data/smoking/smoking_0337.jpg,1,smoking,all
dataset/training_data/smoking/smoking_0338.jpg,1,smoking,all
dataset/training_data/smoking/smoking_0340.jpg,1,smoking,all
dataset/training_data/smoking/smoking_0341.jpg,1,smoking,all
dataset/training_data/smoking/smoking_0342.jpg,1,smoking,all
dataset/training_data/smoking/smoking_0343.jpg,1,smoking,all
dataset/training_data/smoking/smoking_0344.jpg,1,smoking,all
dataset/training_data/smoking/smoking_0345.jpg,1,smoking,all
dataset/training_data/smoking/smoking_0346.jpg,1,smoking,all
dataset/training_data/smoking/smoking_0348.jpg,1,smoking,all
dataset/training_data/smoking/smoking_0349.jpg,1,smoking,all
dataset/training_data/smoking/smoking_0350.jpg,1,smoking,all
dataset/training_data/smoking/smoking_0351.jpg,1,smoking,all
dataset/training_data/smoking/smoking_0352.jpg,1,smoking,all
dataset/training_data/smoking/smoking_0353.jpg,1,smoking,all
dataset/training_data/smoking/smoking_0354.jpg,1,smoking,all
dataset/training_data/smoking/smoking_0356.jpg,1,smoking,all
dataset/training_data/smoking/smoking_0357.jpg,1,smoking,all
dataset/training_data/smoking/smoking_0358.jpg,1,smoking,all
dataset/training_data/smoking/smoking_0359.jpg,1,smoking,all
dataset/training_data/smoking/smoking_0361.jpg,1,smoking,all
dataset/training_data/smoking/smoking_0362.jpg,1,smoking,all
dataset/training_data/smoking/smoking_0367.jpg,1,smoking,all
dataset/training_data/smoking/smoking_0368.jpg,1,smoking,all
dataset/training_data/smoking/smoking_0369.jpg,1,smoking,all
dataset/training_data/smoking/smoking_0370.jpg,1,smoking,all
dataset/training_data/smoking/smoking_0371.jpg,1,smoking,all
dataset/training_data/smoking/smoking_0372.jpg,1,smoking,all
dataset/training_data/smoking/smoking_0373.jpg,1,smoking,all
dataset/training_data/smoking/smoking_0375.jpg,1,smoking,all
dataset/training_data/smoking/smoking_0376.jpg,1,smoking,all
dataset/training_data/smoking/smoking_0378.jpg,1,smoking,all
dataset/training_data/smoking/smoking_0379.jpg,1,smoking,all
dataset/training_data/smoking/smoking_0380.jpg,1,smoking,all
dataset/training_data/smoking/smoking_0381.jpg,1,smoking,all
dataset/training_data/smoking/smoking_0382.jpg,1,smoking,all
dataset/training_data/smoking/smoking_0383.jpg,1,smoking,all
dataset/training_data/smoking/smoking_0384.jpg,1,smoking,all
dataset/training_data/smoking/smoking_0388.jpg,1,smoking,all
dataset/training_data/smoking/smoking_0389.jpg,1,smoking,all
dataset/training_data/smoking/smoking_0391.jpg,1,smoking,all
dataset/training_data/smoking/smoking_0392.jpg,1,smoking,all
dataset/training_data/smoking/smoking_0393.jpg,1,smoking,all
dataset/training_data/smoking/smoking_0394.jpg,1,smoking,all
dataset/training_data/smoking/smoking_0395.jpg,1,smoking,all
dataset/training_data/smoking/smoking_0396.jpg,1,smoking,all
dataset/training_data/smoking/smoking_0398.jpg,1,smoking,all
dataset/training_data/smoking/smoking_0399.jpg,1,smoking,all
dataset/training_data/smoking/smoking_0401.jpg,1,smoking,all
dataset/training_data/smoking/smoking_0403.jpg,1,smoking,all
dataset/training_data/smoking/smoking_0407.jpg,1,smoking,all
dataset/training_data/smoking/smoking_0408.jpg,1,smoking,all
dataset/training_data/smoking/smoking_0410.jpg,1,smoking,all
dataset/training_data/smoking/smoking_0411.jpg,1,smoking,all
dataset/training_data/smoking/smoking_0412.jpg,1,smoking,all
dataset/training_data/smoking/smoking_0413.jpg,1,smoking,all
dataset/training_data/smoking/smoking_0415.jpg,1,smoking,all
dataset/training_data/smoking/smoking_0416.jpg,1,smoking,all
dataset/training_data/smoking/smoking_0417.jpg,1,smoking,all
dataset/training_data/smoking/smoking_0420.jpg,1,smoking,all
dataset/training_data/smoking/smoking_0421.jpg,1,smoking,all
dataset/training_data/smoking/smoking_0423.jpg,1,smoking,all
dataset/training_data/smoking/smoking_0424.jpg,1,smoking,all
dataset/training_data/smoking/smoking_0425.jpg,1,smoking,all
dataset/training_data/smoking/smoking_0426.jpg,1,smoking,all
dataset/training_data/smoking/smoking_0427.jpg,1,smoking,all
dataset/training_data/smoking/smoking_0428.jpg,1,smoking,all
dataset/training_data/smoking/smoking_0429.jpg,1,smoking,all
dataset/training_data/smoking/smoking_0430.jpg,1,smoking,all
dataset/training_data/smoking/smoking_0431.jpg,1,smoking,all
dataset/training_data/smoking/smoking_0432.jpg,1,smoking,all
dataset/training_data/smoking/smoking_0433.jpg,1,smoking,all
dataset/training_data/smoking/smoking_0434.jpg,1,smoking,all
dataset/training_data/smoking/smoking_0435.jpg,1,smoking,all
dataset/training_data/smoking/smoking_0438.jpg,1,smoking,all
dataset/training_data/smoking/smoking_0439.jpg,1,smoking,all
dataset/training_data/smoking/smoking_0440.jpg,1,smoking,all
dataset/training_data/smoking/smoking_0441.jpg,1,smoking,all
dataset/training_data/smoking/smoking_0443.jpg,1,smoking,all
dataset/training_data/smoking/smoking_0445.jpg,1,smoking,all
dataset/training_data/smoking/smoking_0446.jpg,1,smoking,all
dataset/training_data/smoking/smoking_0447.jpg,1,smoking,all
dataset/training_data/smoking/smoking_0448.jpg,1,smoking,all
dataset/training_data/smoking/smoking_0449.jpg,1,smoking,all
dataset/training_data/smoking/smoking_0450.jpg,1,smoking,all
dataset/training_data/smoking/smoking_0452.jpg,1,smoking,all
dataset/training_data/smoking/smoking_0453.jpg,1,smoking,all
dataset/training_data/smoking/smoking_0454.jpg,1,smoking,all
dataset/training_data/smoking/smoking_0455.jpg,1,smoking,all
dataset/training_data/smoking/smoking_0456.jpg,1,smoking,all
dataset/training_data/smoking/smoking_0457.jpg,1,smoking,all
dataset/training_data/smoking/smoking_0458.jpg,1,smoking,all
dataset/training_data/smoking/smoking_0459.jpg,1,smoking,all
dataset/training_data/smoking/smoking_0460.jpg,1,smoking,all
dataset/training_data/smoking/smoking_0461.jpg,1,smoking,all
dataset/training_data/smoking/smoking_0462.jpg,1,smoking,all
dataset/training_data/smoking/smoking_0463.jpg,1,smoking,all
dataset/training_data/smoking/smoking_0464.jpg,1,smoking,all
dataset/training_data/smoking/smoking_0465.jpg,1,smoking,all
dataset/training_data/smoking/smoking_0467.jpg,1,smoking,all
dataset/training_data/smoking/smoking_0468.jpg,1,smoking,all
dataset/training_data/smoking/smoking_0469.jpg,1,smoking,all
dataset/training_data/smoking/smoking_0470.jpg,1,smoking,all
dataset/training_data/smoking/smoking_0471.jpg,1,smoking,all
dataset/training_data/smoking/smoking_0472.jpg,1,smoking,all
dataset/training_data/smoking/smoking_0473.jpg,1,smoking,all
dataset/training_data/smoking/smoking_0474.jpg,1,smoking,all
dataset/training_data/smoking/smoking_0475.jpg,1,smoking,all
dataset/training_data/smoking/smoking_0476.jpg,1,smoking,all
dataset/training_data/smoking/smoking_0477.jpg,1,smoking,all
dataset/training_data/smoking/smoking_0478.jpg,1,smoking,all
dataset/training_data/smoking/smoking_0479.jpg,1,smoking,all
dataset/training_data/smoking/smoking_0483.jpg,1,smoking,all
dataset/training_data/smoking/smoking_0484.jpg,1,smoking,all
dataset/training_data/smoking/smoking_0485.jpg,1,smoking,all
dataset/training_data/smoking/smoking_0487.jpg,1,smoking,all
dataset/training_data/smoking/smoking_0489.jpg,1,smoking,all
dataset/training_data/smoking/smoking_0491.jpg,1,smoking,all
dataset/training_data/smoking/smoking_0492.jpg,1,smoking,all
dataset/training_data/smoking/smoking_0494.jpg,1,smoking,all
dataset/training_data/smoking/smoking_0495.jpg,1,smoking,all
dataset/training_data/smoking/smoking_0496.jpg,1,smoking,all
dataset/training_data/smoking/smoking_0497.jpg,1,smoking,all
dataset/training_data/smoking/smoking_0499.jpg,1,smoking,all
dataset/training_data/smoking/smoking_0500.jpg,1,smoking,all
dataset/training_data/smoking/smoking_0501.jpg,1,smoking,all
dataset/training_data/smoking/smoking_0502.jpg,1,smoking,all
dataset/training_data/smoking/smoking_0504.jpg,1,smoking,all
dataset/training_data/smoking/smoking_0505.jpg,1,smoking,all
dataset/training_data/smoking/smoking_0506.jpg,1,smoking,all
dataset/training_data/smoking/smoking_0507.jpg,1,smoking,all
dataset/training_data/smoking/smoking_0509.jpg,1,smoking,all
dataset/training_data/smoking/smoking_0510.jpg,1,smoking,all
dataset/training_data/smoking/smoking_0511.jpg,1,smoking,all
dataset/training_data/smoking/smoking_0512.jpg,1,smoking,all
dataset/training_data/smoking/smoking_0513.jpg,1,smoking,all
dataset/training_data/smoking/smoking_0514.jpg,1,smoking,all
dataset/training_data/smoking/smoking_0515.jpg,1,smoking,all
dataset/training_data/smoking/smoking_0516.jpg,1,smoking,all
dataset/training_data/smoking/smoking_0517.jpg,1,smoking,all
dataset/training_data/smoking/smoking_0518.jpg,1,smoking,all
dataset/training_data/smoking/smoking_0521.jpg,1,smoking,all
dataset/training_data/smoking/smoking_0522.jpg,1,smoking,all
dataset/training_data/smoking/smoking_0523.jpg,1,smoking,all
dataset/training_data/smoking/smoking_0525.jpg,1,smoking,all
dataset/training_data/smoking/smoking_0526.jpg,1,smoking,all
dataset/training_data/smoking/smoking_0527.jpg,1,smoking,all
dataset/training_data/smoking/smoking_0528.jpg,1,smoking,all
dataset/training_data/smoking/smoking_0529.jpg,1,smoking,all
dataset/training_data/smoking/smoking_0530.jpg,1,smoking,all
dataset/training_data/smoking/smoking_0532.jpg,1,smoking,all
dataset/training_data/smoking/smoking_0533.jpg,1,smoking,all
dataset/training_data/smoking/smoking_0534.jpg,1,smoking,all
dataset/training_data/smoking/smoking_0535.jpg,1,smoking,all
dataset/training_data/smoking/smoking_0536.jpg,1,smoking,all
dataset/training_data/smoking/smoking_0537.jpg,1,smoking,all
dataset/training_data/smoking/smoking_0538.jpg,1,smoking,all
dataset/training_data/smoking/smoking_0539.jpg,1,smoking,all
dataset/training_data/smoking/smoking_0540.jpg,1,smoking,all
dataset/training_data/smoking/smoking_0541.jpg,1,smoking,all
dataset/training_data/smoking/smoking_0543.jpg,1,smoking,all
dataset/training_data/smoking/smoking_0544.jpg,1,smoking,all
dataset/training_data/smoking/smoking_0546.jpg,1,smoking,all
dataset/training_data/smoking/smoking_0547.jpg,1,smoking,all
dataset/training_data/smoking/smoking_0548.jpg,1,smoking,all
dataset/training_data/smoking/smoking_0549.jpg,1,smoking,all
dataset/training_data/smoking/smoking_0550.jpg,1,smoking,all
dataset/training_data/smoking/smoking_0551.jpg,1,smoking,all
dataset/training_data/smoking/smoking_0552.jpg,1,smoking,all
dataset/training_data/smoking/smoking_0553.jpg,1,smoking,all
dataset/training_data/smoking/smoking_0556.jpg,1,smoking,all
dataset/training_data/smoking/smoking_0558.jpg,1,smoking,all
dataset/training_data/smoking/smoking_0559.jpg,1,smoking,all
dataset/training_data/smoking/smoking_0560.jpg,1,smoking,all
dataset/training_data/smoking/smoking_0564.jpg,1,smoking,all
dataset/training_data/smoking/smoking_0567.jpg,1,smoking,all
dataset/training_data/smoking/smoking_0568.jpg,1,smoking,all
dataset/training_data/smoking/smoking_0569.jpg,1,smoking,all
dataset/training_data/smoking/smoking_0572.jpg,1,smoking,all
dataset/training_data/smoking/smoking_0573.jpg,1,smoking,all
dataset/training_data/smoking/smoking_0574.jpg,1,smoking,all
dataset/training_data/smoking/smoking_0575.jpg,1,smoking,all
dataset/training_data/smoking/smoking_0576.jpg,1,smoking,all
dataset/training_data/smoking/smoking_0577.jpg,1,smoking,all
dataset/training_data/smoking/smoking_0578.jpg,1,smoking,all
dataset/training_data/smoking/smoking_0580.jpg,1,smoking,all
dataset/training_data/smoking/smoking_0581.jpg,1,smoking,all
dataset/training_data/smoking/smoking_0582.jpg,1,smoking,all
dataset/training_data/smoking/smoking_0583.jpg,1,smoking,all
dataset/training_data/smoking/smoking_0584.jpg,1,smoking,all
dataset/training_data/smoking/smoking_0586.jpg,1,smoking,all
dataset/training_data/smoking/smoking_0587.jpg,1,smoking,all
dataset/training_data/smoking/smoking_0588.jpg,1,smoking,all
dataset/training_data/smoking/smoking_0589.jpg,1,smoking,all
dataset/training_data/smoking/smoking_0590.jpg,1,smoking,all
dataset/training_data/smoking/smoking_0591.jpg,1,smoking,all
dataset/training_data/smoking/smoking_0595.jpg,1,smoking,all
dataset/training_data/smoking/smoking_0596.jpg,1,smoking,all
dataset/training_data/smoking/smoking_0597.jpg,1,smoking,all
dataset/training_data/smoking/smoking_0598.jpg,1,smoking,all
dataset/training_data/smoking/smoking_0599.jpg,1,smoking,all
dataset/training_data/smoking/smoking_0600.jpg,1,smoking,all
dataset/training_data/smoking/smoking_0601.jpg,1,smoking,all
dataset/training_data/smoking/smoking_0602.jpg,1,smoking,all
dataset/training_data/smoking/smoking_0603.jpg,1,smoking,all
dataset/training_data/smoking/smoking_0604.jpg,1,smoking,all
dataset/training_data/smoking/smoking_0605.jpg,1,smoking,all
dataset/training_data/smoking/smoking_0606.jpg,1,smoking,all
dataset/training_data/smoking/smoking_0607.jpg,1,smoking,all
dataset/training_data/smoking/smoking_0608.jpg,1,smoking,all
dataset/training_data/smoking/smoking_0609.jpg,1,smoking,all
dataset/training_data/smoking/smoking_0611.jpg,1,smoking,all
dataset/training_data/smoking/smoking_0613.jpg,1,smoking,all
dataset/training_data/smoking/smoking_0615.jpg,1,smoking,all
dataset/training_data/smoking/smoking_0616.jpg,1,smoking,all
dataset/training_data/smoking/smoking_0617.jpg,1,smoking,all
dataset/training_data/smoking/smoking_0618.jpg,1,smoking,all
dataset/training_data/smoking/smoking_0620.jpg,1,smoking,all
dataset/training_data/smoking/smoking_0621.jpg,1,smoking,all
dataset/training_data/smoking/smoking_0622.jpg,1,smoking,all
dataset/training_data/smoking/smoking_0623.jpg,1,smoking,all
dataset/training_data/smoking/smoking_0625.jpg,1,smoking,all
dataset/training_data/smoking/smoking_0630.jpg,1,smoking,all
dataset/training_data/smoking/smoking_0631.jpg,1,smoking,all
dataset/training_data/smoking/smoking_0632.jpg,1,smoking,all
dataset/training_data/smoking/smoking_0644.jpg,1,smoking,all
dataset/training_data/smoking/smoking_0646.jpg,1,smoking,all
dataset/training_data/smoking/smoking_0648.jpg,1,smoking,all
dataset/training_data/smoking/smoking_0649.jpg,1,smoking,all
dataset/training_data/smoking/smoking_0650.jpg,1,smoking,all
dataset/training_data/smoking/smoking_0652.jpg,1,smoking,all
dataset/training_data/smoking/smoking_0653.jpg,1,smoking,all
dataset/training_data/smoking/smoking_0654.jpg,1,smoking,all
dataset/training_data/smoking/smoking_0657.jpg,1,smoking,all
dataset/training_data/smoking/smoking_0658.jpg,1,smoking,all
dataset/training_data/smoking/smoking_0659.jpg,1,smoking,all
dataset/training_data/smoking/smoking_0660.jpg,1,smoking,all
dataset/training_data/smoking/smoking_0661.jpg,1,smoking,all
dataset/training_data/smoking/smoking_0665.jpg,1,smoking,all
dataset/training_data/smoking/smoking_0666.jpg,1,smoking,all
dataset/training_data/smoking/smoking_0667.jpg,1,smoking,all
dataset/training_data/smoking/smoking_0668.jpg,1,smoking,all
dataset/training_data/smoking/smoking_0669.jpg,1,smoking,all
dataset/training_data/smoking/smoking_0670.jpg,1,smoking,all
dataset/training_data/smoking/smoking_0671.jpg,1,smoking,all
dataset/training_data/smoking/smoking_0672.jpg,1,smoking,all
dataset/training_data/smoking/smoking_0674.jpg,1,smoking,all
dataset/training_data/smoking/smoking_0675.jpg,1,smoking,all
dataset/training_data/smoking/smoking_0677.jpg,1,smoking,all
dataset/training_data/smoking/smoking_0686.jpg,1,smoking,all
dataset/training_data/smoking/smoking_0687.jpg,1,smoking,all
dataset/training_data/smoking/smoking_0688.jpg,1,smoking,all
dataset/training_data/smoking/smoking_0689.jpg,1,smoking,all
dataset/training_data/smoking/smoking_0690.jpg,1,smoking,all
dataset/training_data/smoking/smoking_0691.jpg,1,smoking,all
dataset/training_data/smoking/smoking_0693.jpg,1,smoking,all
dataset/training_data/smoking/smoking_0694.jpg,1,smoking,all
dataset/training_data/smoking/smoking_0696.jpg,1,smoking,all
dataset/training_data/smoking/smoking_0697.jpg,1,smoking,all
dataset/training_data/smoking/smoking_0698.jpg,1,smoking,all
dataset/training_data/smoking/smoking_0699.jpg,1,smoking,all
dataset/training_data/smoking/smoking_0701.jpg,1,smoking,all
dataset/training_data/smoking/smoking_0703.jpg,1,smoking,all
dataset/training_data/smoking/smoking_0705.jpg,1,smoking,all
dataset/training_data/smoking/smoking_0706.jpg,1,smoking,all
dataset/training_data/smoking/smoking_0707.jpg,1,smoking,all
dataset/training_data/smoking/smoking_0708.jpg,1,smoking,all
dataset/training_data/smoking/smoking_0709.jpg,1,smoking,all
dataset/training_data/smoking/smoking_0711.jpg,1,smoking,all
dataset/training_data/smoking/smoking_0712.jpg,1,smoking,all
dataset/training_data/smoking/smoking_0714.jpg,1,smoking,all
dataset/training_data/smoking/smoking_0717.jpg,1,smoking,all
dataset/training_data/smoking/smoking_0718.jpg,1,smoking,all
dataset/training_data/smoking/smoking_0719.jpg,1,smoking,all
dataset/training_data/smoking/smoking_0720.jpg,1,smoking,all
dataset/training_data/smoking/smoking_0721.jpg,1,smoking,all
dataset/training_data/smoking/smoking_0722.jpg,1,smoking,all
dataset/training_data/smoking/smoking_0724.jpg,1,smoking,all
dataset/training_data/smoking/smoking_0726.jpg,1,smoking,all
dataset/training_data/smoking/smoking_0727.jpg,1,smoking,all
dataset/training_data/smoking/smoking_0728.jpg,1,smoking,all
dataset/training_data/smoking/smoking_0729.jpg,1,smoking,all
dataset/training_data/smoking/smoking_0730.jpg,1,smoking,all
dataset/training_data/smoking/smoking_0731.jpg,1,smoking,all
dataset/training_data/smoking/smoking_0732.jpg,1,smoking,all
dataset/training_data/smoking/smoking_0733.jpg,1,smoking,all
dataset/training_data/smoking/smoking_0734.jpg,1,smoking,all
dataset/training_data/smoking/smoking_0735.jpg,1,smoking,all
dataset/training_data/smoking/smoking_0736.jpg,1,smoking,all
dataset/training_data/smoking/smoking_0737.jpg,1,smoking,all
dataset/training_data/smoking/smoking_0738.jpg,1,smoking,all
dataset/training_data/smoking/smoking_0739.jpg,1,smoking,all
dataset/training_data/smoking/smoking_0740.jpg,1,smoking,all
dataset/training_data/smoking/smoking_0741.jpg,1,smoking,all
dataset/training_data/smoking/smoking_0742.jpg,1,smoking,all
dataset/training_data/smoking/smoking_0743.jpg,1,smoking,all
dataset/training_data/smoking/smoking_0744.jpg,1,smoking,all
dataset/training_data/smoking/smoking_0745.jpg,1,smoking,all
dataset/training_data/smoking/smoking_0746.jpg,1,smoking,all
dataset/training_data/smoking/smoking_0748.jpg,1,smoking,all
dataset/training_data/smoking/smoking_0749.jpg,1,smoking,all
dataset/training_data/smoking/smoking_0750.jpg,1,smoking,all
dataset/training_data/smoking/smoking_0751.jpg,1,smoking,all
dataset/training_data/smoking/smoking_0753.jpg,1,smoking,all
dataset/training_data/smoking/smoking_0755.jpg,1,smoking,all
dataset/training_data/smoking/smoking_0756.jpg,1,smoking,all
dataset/training_data/smoking/smoking_0757.jpg,1,smoking,all
dataset/training_data/smoking/smoking_0758.jpg,1,smoking,all
dataset/training_data/smoking/smoking_0759.jpg,1,smoking,all
dataset/training_data/smoking/smoking_0760.jpg,1,smoking,all
dataset/training_data/smoking/smoking_0762.jpg,1,smoking,all
dataset/training_data/smoking/smoking_0763.jpg,1,smoking,all
dataset/training_data/smoking/smoking_0765.jpg,1,smoking,all
dataset/training_data/smoking/smoking_0766.jpg,1,smoking,all
dataset/training_data/smoking/smoking_0767.jpg,1,smoking,all
dataset/training_data/smoking/smoking_0768.jpg,1,smoking,all
dataset/training_data/smoking/smoking_0769.jpg,1,smoking,all
dataset/training_data/smoking/smoking_0770.jpg,1,smoking,all
dataset/training_data/smoking/smoking_0771.jpg,1,smoking,all
dataset/training_data/smoking/smoking_0773.jpg,1,smoking,all
dataset/training_data/smoking/smoking_0774.jpg,1,smoking,all
dataset/training_data/smoking/smoking_0775.jpg,1,smoking,all
dataset/training_data/smoking/smoking_0776.jpg,1,smoking,all
dataset/training_data/smoking/smoking_0777.jpg,1,smoking,all
dataset/training_data/smoking/smoking_0778.jpg,1,smoking,all
dataset/training_data/smoking/smoking_0779.jpg,1,smoking,all
dataset/training_data/smoking/smoking_0780.jpg,1,smoking,all
dataset/training_data/smoking/smoking_0781.jpg,1,smoking,all
dataset/training_data/smoking/smoking_0782.jpg,1,smoking,all
dataset/training_data/smoking/smoking_0784.jpg,1,smoking,all
dataset/training_data/smoking/smoking_0785.jpg,1,smoking,all
dataset/training_data/smoking/smoking_0786.jpg,1,smoking,all
dataset/training_data/smoking/smoking_0787.jpg,1,smoking,all
dataset/training_data/smoking/smoking_0789.jpg,1,smoking,all
dataset/training_data/smoking/smoking_0790.jpg,1,smoking,all
dataset/training_data/smoking/smoking_0791.jpg,1,smoking,all
dataset/training_data/smoking/smoking_0792.jpg,1,smoking,all
dataset/training_data/smoking/smoking_0794.jpg,1,smoking,all
dataset/training_data/smoking/smoking_0795.jpg,1,smoking,all
dataset/training_data/smoking/smoking_0796.jpg,1,smoking,all
dataset/training_data/smoking/smoking_0797.jpg,1,smoking,all
dataset/training_data/smoking/smoking_0798.jpg,1,smoking,all
dataset/training_data/smoking/smoking_0800.jpg,1,smoking,all
dataset/training_data/smoking/smoking_0801.jpg,1,smoking,all
dataset/training_data/smoking/smoking_0803.jpg,1,smoking,all
dataset/training_data/smoking/smoking_0804.jpg,1,smoking,all
dataset/training_data/smoking/smoking_0806.jpg,1,smoking,all
dataset/training_data/smoking/smoking_0807.jpg,1,smoking,all
dataset/training_data/smoking/smoking_0808.jpg,1,smoking,all
dataset/training_data/smoking/smoking_0809.jpg,1,smoking,all
dataset/training_data/smoking/smoking_0810.jpg,1,smoking,all
dataset/training_data/smoking/smoking_0811.jpg,1,smoking,all
dataset/training_data/smoking/smoking_0812.jpg,1,smoking,all
dataset/training_data/smoking/smoking_0813.jpg,1,smoking,all
dataset/training_data/smoking/smoking_0815.jpg,1,smoking,all
dataset/training_data/smoking/smoking_0816.jpg,1,smoking,all
dataset/training_data/smoking/smoking_0818.jpg,1,smoking,all
dataset/training_data/smoking/smoking_0820.jpg,1,smoking,all
dataset/training_data/smoking/smoking_0821.jpg,1,smoking,all
dataset/training_data/smoking/smoking_0822.jpg,1,smoking,all
dataset/training_data/smoking/smoking_0823.jpg,1,smoking,all
dataset/training_data/smoking/smoking_0824.jpg,1,smoking,all
dataset/training_data/smoking/smoking_0825.jpg,1,smoking,all
dataset/training_data/smoking/smoking_0826.jpg,1,smoking,all
dataset/training_data/smoking/smoking_0828.jpg,1,smoking,all
dataset/training_data/smoking/smoking_0829.jpg,1,smoking,all
dataset/training_data/smoking/smoking_0831.jpg,1,smoking,all
dataset/training_data/smoking/smoking_0832.jpg,1,smoking,all
dataset/training_data/smoking/smoking_0833.jpg,1,smoking,all
dataset/training_data/smoking/smoking_0835.jpg,1,smoking,all
dataset/training_data/smoking/smoking_0836.jpg,1,smoking,all
dataset/training_data/smoking/smoking_0837.jpg,1,smoking,all
dataset/training_data/smoking/smoking_0839.jpg,1,smoking,all
dataset/training_data/smoking/smoking_0840.jpg,1,smoking,all
dataset/training_data/smoking/smoking_0842.jpg,1,smoking,all
dataset/training_data/smoking/smoking_0844.jpg,1,smoking,all
dataset/training_data/smoking/smoking_0847.jpg,1,smoking,all
dataset/training_data/smoking/smoking_0848.jpg,1,smoking,all
dataset/training_data/smoking/smoking_0850.jpg,1,smoking,all
dataset/training_data/smoking/smoking_0851.jpg,1,smoking,all
dataset/training_data/smoking/smoking_0852.jpg,1,smoking,all
dataset/training_data/smoking/smoking_0854.jpg,1,smoking,all
dataset/training_data/smoking/smoking_0855.jpg,1,smoking,all
dataset/training_data/smoking/smoking_0856.jpg,1,smoking,all
dataset/training_data/smoking/smoking_0857.jpg,1,smoking,all
dataset/training_data/smoking/smoking_0861.jpg,1,smoking,all
dataset/training_data/smoking/smoking_0862.jpg,1,smoking,all
dataset/training_data/smoking/smoking_0863.jpg,1,smoking,all
dataset/training_data/smoking/smoking_0865.jpg,1,smoking,all
dataset/training_data/smoking/smoking_0866.jpg,1,smoking,all
dataset/training_data/smoking/smoking_0867.jpg,1,smoking,all
dataset/training_data/smoking/smoking_0869.jpg,1,smoking,all
dataset/training_data/smoking/smoking_0870.jpg,1,smoking,all
dataset/training_data/smoking/smoking_0871.jpg,1,smoking,all
dataset/training_data/smoking/smoking_0872.jpg,1,smoking,all
dataset/training_data/smoking/smoking_0873.jpg,1,smoking,all
dataset/training_data/smoking/smoking_0874.jpg,1,smoking,all
dataset/training_data/smoking/smoking_0875.jpg,1,smoking,all
dataset/training_data/smoking/smoking_0876.jpg,1,smoking,all
dataset/training_data/smoking/smoking_0877.jpg,1,smoking,all
dataset/training_data/smoking/smoking_0879.jpg,1,smoking,all
dataset/training_data/smoking/smoking_0880.jpg,1,smoking,all
dataset/training_data/smoking/smoking_0882.jpg,1,smoking,all
dataset/training_data/smoking/smoking_0883.jpg,1,smoking,all
dataset/training_data/smoking/smoking_0884.jpg,1,smoking,all
dataset/training_data/smoking/smoking_0885.jpg,1,smoking,all
dataset/training_data/smoking/smoking_0886.jpg,1,smoking,all
dataset/training_data/smoking/smoking_0887.jpg,1,smoking,all
dataset/training_data/smoking/smoking_0889.jpg,1,smoking,all
dataset/training_data/smoking/smoking_0891.jpg,1,smoking,all
dataset/training_data/smoking/smoking_0892.jpg,1,smoking,all
dataset/training_data/smoking/smoking_0893.jpg,1,smoking,all
dataset/training_data/smoking/smoking_0896.jpg,1,smoking,all
dataset/training_data/smoking/smoking_0897.jpg,1,smoking,all
dataset/training_data/smoking/smoking_0899.jpg,1,smoking,all
dataset/training_data/smoking/smoking_0900.jpg,1,smoking,all
dataset/training_data/smoking/smoking_0901.jpg,1,smoking,all
dataset/training_data/smoking/smoking_0904.jpg,1,smoking,all
dataset/training_data/smoking/smoking_0905.jpg,1,smoking,all
dataset/training_data/smoking/smoking_0906.jpg,1,smoking,all
dataset/training_data/smoking/smoking_0907.jpg,1,smoking,all
dataset/training_data/smoking/smoking_0908.jpg,1,smoking,all
dataset/training_data/smoking/smoking_0909.jpg,1,smoking,all
dataset/training_data/smoking/smoking_0910.jpg,1,smoking,all
dataset/training_data/smoking/smoking_0911.jpg,1,smoking,all
dataset/training_data/smoking/smoking_0912.jpg,1,smoking,all
dataset/training_data/smoking/smoking_0913.jpg,1,smoking,all
dataset/training_data/smoking/smoking_0915.jpg,1,smoking,all
dataset/training_data/smoking/smoking_0917.jpg,1,smoking,all
dataset/training_data/smoking/smoking_0919.jpg,1,smoking,all
dataset/training_data/smoking/smoking_0920.jpg,1,smoking,all
dataset/training_data/smoking/smoking_0921.jpg,1,smoking,all
dataset/training_data/smoking/smoking_0922.jpg,1,smoking,all
dataset/training_data/smoking/smoking_0924.jpg,1,smoking,all
dataset/training_data/smoking/smoking_0925.jpg,1,smoking,all
dataset/training_data/smoking/smoking_0926.jpg,1,smoking,all
dataset/training_data/smoking/smoking_0927.jpg,1,smoking,all
dataset/training_data/smoking/smoking_0928.jpg,1,smoking,all
dataset/training_data/smoking/smoking_0930.jpg,1,smoking,all
dataset/training_data/smoking/smoking_0931.jpg,1,smoking,all
dataset/training_data/smoking/smoking_0932.jpg,1,smoking,all
dataset/training_data/smoking/smoking_0933.jpg,1,smoking,all
dataset/training_data/smoking/smoking_0935.jpg,1,smoking,all
dataset/training_data/smoking/smoking_0936.jpg,1,smoking,all
dataset/training_data/smoking/smoking_0938.jpg,1,smoking,all
dataset/training_data/smoking/smoking_0941.jpg,1,smoking,all
dataset/training_data/smoking/smoking_0944.jpg,1,smoking,all
dataset/training_data/smoking/smoking_0946.jpg,1,smoking,all
dataset/training_data/smoking/smoking_0948.jpg,1,smoking,all
dataset/training_data/smoking/smoking_0949.jpg,1,smoking,all
dataset/training_data/smoking/smoking_0950.jpg,1,smoking,all
dataset/training_data/smoking/smoking_0951.jpg,1,smoking,all
dataset/training_data/smoking/smoking_0952.jpg,1,smoking,all
dataset/training_data/smoking/smoking_0954.jpg,1,smoking,all
dataset/training_data/smoking/smoking_0955.jpg,1,smoking,all
dataset/training_data/smoking/smoking_0956.jpg,1,smoking,all
dataset/training_data/smoking/smoking_0957.jpg,1,smoking,all
dataset/training_data/smoking/smoking_0958.jpg,1,smoking,all
dataset/training_data/smoking/smoking_0959.jpg,1,smoking,all
dataset/training_data/smoking/smoking_0960.jpg,1,smoking,all
dataset/training_data/smoking/smoking_0962.jpg,1,smoking,all
dataset/training_data/smoking/smoking_0964.jpg,1,smoking,all
dataset/training_data/smoking/smoking_0965.jpg,1,smoking,all
dataset/training_data/smoking/smoking_0967.jpg,1,smoking,all
dataset/training_data/smoking/smoking_0969.jpg,1,smoking,all
dataset/training_data/smoking/smoking_0971.jpg,1,smoking,all
dataset/training_data/smoking/smoking_0973.jpg,1,smoking,all
dataset/training_data/smoking/smoking_0975.jpg,1,smoking,all
dataset/training_data/smoking/smoking_0976.jpg,1,smoking,all
dataset/training_data/smoking/smoking_0977.jpg,1,smoking,all
dataset/training_data/smoking/smoking_0979.jpg,1,smoking,all
dataset/training_data/smoking/smoking_0980.jpg,1,smoking,all
dataset/training_data/smoking/smoking_0981.jpg,1,smoking,all
dataset/training_data/smoking/smoking_0986.jpg,1,smoking,all
dataset/training_data/smoking/smoking_0987.jpg,1,smoking,all
dataset/training_data/smoking/smoking_0989.jpg,1,smoking,all
dataset/training_data/smoking/smoking_0990.jpg,1,smoking,all
dataset/training_data/smoking/smoking_0991.jpg,1,smoking,all
dataset/training_data/smoking/smoking_0992.jpg,1,smoking,all
dataset/training_data/smoking/smoking_0994.jpg,1,smoking,all
dataset/training_data/smoking/smoking_0995.jpg,1,smoking,all
dataset/training_data/smoking/smoking_0997.jpg,1,smoking,all
dataset/training_data/smoking/smoking_0999.jpg,1,smoking,all
dataset/training_data/smoking/smoking_1001.jpg,1,smoking,all
dataset/training_data/smoking/smoking_1002.jpg,1,smoking,all
dataset/training_data/smoking/smoking_1003.jpg,1,smoking,all
dataset/training_data/smoking/smoking_1006.jpg,1,smoking,all
dataset/training_data/smoking/smoking_1007.jpg,1,smoking,all
dataset/training_data/smoking/smoking_1008.jpg,1,smoking,all
dataset/training_data/smoking/smoking_1010.jpg,1,smoking,all
dataset/training_data/smoking/smoking_1011.jpg,1,smoking,all
dataset/training_data/smoking/smoking_1012.jpg,1,smoking,all
dataset/training_data/smoking/smoking_1013.jpg,1,smoking,all
dataset/training_data/smoking/smoking_1014.jpg,1,smoking,all
dataset/training_data/smoking/smoking_1017.jpg,1,smoking,all
dataset/training_data/smoking/smoking_1018.jpg,1,smoking,all
dataset/training_data/smoking/smoking_1020.jpg,1,smoking,all
dataset/training_data/smoking/smoking_1021.jpg,1,smoking,all
dataset/training_data/smoking/smoking_1022.jpg,1,smoking,all
dataset/training_data/smoking/smoking_1023.jpg,1,smoking,all
dataset/training_data/smoking/smoking_1025.jpg,1,smoking,all
dataset/training_data/smoking/smoking_1026.jpg,1,smoking,all
dataset/training_data/smoking/smoking_1028.jpg,1,smoking,all
dataset/training_data/smoking/smoking_1029.jpg,1,smoking,all
dataset/training_data/smoking/smoking_1032.jpg,1,smoking,all
dataset/training_data/smoking/smoking_1036.jpg,1,smoking,all
dataset/training_data/smoking/smoking_1037.jpg,1,smoking,all
dataset/training_data/smoking/smoking_1038.jpg,1,smoking,all
dataset/training_data/smoking/smoking_1039.jpg,1,smoking,all
dataset/training_data/smoking/smoking_1040.jpg,1,smoking,all
dataset/training_data/smoking/smoking_1041.jpg,1,smoking,all
dataset/training_data/smoking/smoking_1043.jpg,1,smoking,all
dataset/training_data/smoking/smoking_1045.jpg,1,smoking,all
dataset/training_data/smoking/smoking_1046.jpg,1,smoking,all
dataset/training_data/smoking/smoking_1048.jpg,1,smoking,all
dataset/training_data/smoking/smoking_1049.jpg,1,smoking,all
dataset/training_data/smoking/smoking_1050.jpg,1,smoking,all
dataset/training_data/smoking/smoking_1051.jpg,1,smoking,all
dataset/training_data/smoking/smoking_1052.jpg,1,smoking,all
dataset/training_data/smoking/smoking_1053.jpg,1,smoking,all
dataset/training_data/smoking/smoking_1055.jpg,1,smoking,all
dataset/training_data/smoking/smoking_1056.jpg,1,smoking,all
dataset/training_data/smoking/smoking_1058.jpg,1,smoking,all
dataset/training_data/smoking/smoking_1060.jpg,1,smoking,all
dataset/training_data/smoking/smoking_1061.jpg,1,smoking,all
dataset/training_data/smoking/smoking_1063.jpg,1,smoking,all
dataset/training_data/smoking/smoking_1064.jpg,1,smoking,all
dataset/training_data/smoking/smoking_1066.jpg,1,smoking,all
dataset/training_data/smoking/smoking_1067.jpg,1,smoking,all
dataset/training_data/smoking/smoking_1069.jpg,1,smoking,all
dataset/training_data/smoking/smoking_1071.jpg,1,smoking,all
dataset/training_data/smoking/smoking_1073.jpg,1,smoking,all
dataset/training_data/smoking/smoking_1074.jpg,1,smoking,all
dataset/training_data/smoking/smoking_1075.jpg,1,smoking,all
dataset/training_data/smoking/smoking_1077.jpg,1,smoking,all
dataset/training_data/smoking/smoking_1079.jpg,1,smoking,all
dataset/training_data/smoking/smoking_1080.jpg,1,smoking,all
dataset/training_data/smoking/smoking_1082.jpg,1,smoking,all
dataset/training_data/smoking/smoking_1083.jpg,1,smoking,all
dataset/training_data/smoking/smoking_1084.jpg,1,smoking,all
dataset/training_data/smoking/smoking_1086.jpg,1,smoking,all
dataset/training_data/smoking/smoking_1087.jpg,1,smoking,all
dataset/training_data/smoking/smoking_1088.jpg,1,smoking,all
dataset/training_data/smoking/smoking_1090.jpg,1,smoking,all
dataset/training_data/smoking/smoking_1091.jpg,1,smoking,all
dataset/training_data/smoking/smoking_1093.jpg,1,smoking,all
dataset/training_data/smoking/smoking_1094.jpg,1,smoking,all
dataset/training_data/smoking/smoking_1095.jpg,1,smoking,all
dataset/training_data/smoking/smoking_1097.jpg,1,smoking,all
dataset/training_data/smoking/smoking_1098.jpg,1,smoking,all
dataset/training_data/smoking/smoking_1099.jpg,1,smoking,all
dataset/training_data/smoking/smoking_1100.jpg,1,smoking,all
dataset/training_data/smoking/smoking_1101.jpg,1,smoking,all
dataset/training_data/smoking/smoking_1102.jpg,1,smoking,all
dataset/training_data/smoking/smoking_1104.jpg,1,smoking,all
dataset/training_data/smoking/smoking_1105.jpg,1,smoking,all
dataset/training_data/smoking/smoking_1107.jpg,1,smoking,all
dataset/training_data/smoking/smoking_1109.jpg,1,smoking,all
dataset/training_data/smoking/smoking_1110.jpg,1,smoking,all
dataset/training_data/smoking/smoking_1112.jpg,1,smoking,all
dataset/training_data/smoking/smoking_1113.jpg,1,smoking,all
dataset/training_data/smoking/smoking_1114.jpg,1,smoking,all
dataset/training_data/smoking/smoking_1115.jpg,1,smoking,all
dataset/training_data/smoking/smoking_1117.jpg,1,smoking,all
dataset/training_data/smoking/smoking_1118.jpg,1,smoking,all
dataset/training_data/smoking/smoking_1119.jpg,1,smoking,all
dataset/training_data/smoking/smoking_1120.jpg,1,smoking,all
dataset/training_data/smoking/smoking_1122.jpg,1,smoking,all
dataset/training_data/smoking/smoking_1123.jpg,1,smoking,all
dataset/training_data/smoking/smoking_1124.jpg,1,smoking,all
dataset/training_data/smoking/smoking_1125.jpg,1,smoking,all
dataset/training_data/smoking/smoking_1127.jpg,1,smoking,all
dataset/validation_data/notsmoking/notsmoking_0028.jpg,0,notsmoking,all
dataset/validation_data/notsmoking/notsmoking_0031.jpg,0,notsmoking,all
dataset/validation_data/notsmoking/notsmoking_0033.jpg,0,notsmoking,all
dataset/validation_data/notsmoking/notsmoking_0048.jpg,0,notsmoking,all
dataset/validation_data/notsmoking/notsmoking_0054.jpg,0,notsmoking,all
dataset/validation_data/notsmoking/notsmoking_0064.jpg,0,notsmoking,all
dataset/validation_data/notsmoking/notsmoking_0069.jpg,0,notsmoking,all
dataset/validation_data/notsmoking/notsmoking_0070.jpg,0,notsmoking,all
dataset/validation_data/notsmoking/notsmoking_0091.jpg,0,notsmoking,all
dataset/validation_data/notsmoking/notsmoking_0092.jpg,0,notsmoking,all
dataset/validation_data/notsmoking/notsmoking_0110.jpg,0,notsmoking,all
dataset/validation_data/notsmoking/notsmoking_0112.jpg,0,notsmoking,all
dataset/validation_data/notsmoking/notsmoking_0113.jpg,0,notsmoking,all
dataset/validation_data/notsmoking/notsmoking_0119.jpg,0,notsmoking,all
dataset/validation_data/notsmoking/notsmoking_0132.jpg,0,notsmoking,all
dataset/validation_data/notsmoking/notsmoking_0138.jpg,0,notsmoking,all
dataset/validation_data/notsmoking/notsmoking_0145.jpg,0,notsmoking,all
dataset/validation_data/notsmoking/notsmoking_0152.jpg,0,notsmoking,all
dataset/validation_data/notsmoking/notsmoking_0153.jpg,0,notsmoking,all
dataset/validation_data/notsmoking/notsmoking_0160.jpg,0,notsmoking,all
dataset/validation_data/notsmoking/notsmoking_0164.jpg,0,notsmoking,all
dataset/validation_data/notsmoking/notsmoking_0167.jpg,0,notsmoking,all
dataset/validation_data/notsmoking/notsmoking_0170.jpg,0,notsmoking,all
dataset/validation_data/notsmoking/notsmoking_0172.jpg,0,notsmoking,all
dataset/validation_data/notsmoking/notsmoking_0173.jpg,0,notsmoking,all
dataset/validation_data/notsmoking/notsmoking_0179.jpg,0,notsmoking,all
dataset/validation_data/notsmoking/notsmoking_0181.jpg,0,notsmoking,all
dataset/validation_data/notsmoking/notsmoking_0184.jpg,0,notsmoking,all
dataset/validation_data/notsmoking/notsmoking_0199.jpg,0,notsmoking,all
dataset/validation_data/notsmoking/notsmoking_0207.jpg,0,notsmoking,all
dataset/validation_data/notsmoking/notsmoking_0209.jpg,0,notsmoking,all
dataset/validation_data/notsmoking/notsmoking_0212.jpg,0,notsmoking,all
dataset/validation_data/notsmoking/notsmoking_0218.jpg,0,notsmoking,all
dataset/validation_data/notsmoking/notsmoking_0233.jpg,0,notsmoking,all
dataset/validation_data/notsmoking/notsmoking_0238.jpg,0,notsmoking,all
dataset/validation_data/notsmoking/notsmoking_0240.jpg,0,notsmoking,all
dataset/validation_data/notsmoking/notsmoking_0246.jpg,0,notsmoking,all
dataset/validation_data/notsmoking/notsmoking_0254.jpg,0,notsmoking,all
dataset/validation_data/notsmoking/notsmoking_0259.jpg,0,notsmoking,all
dataset/validation_data/notsmoking/notsmoking_0268.jpg,0,notsmoking,all
dataset/validation_data/notsmoking/notsmoking_0278.jpg,0,notsmoking,all
dataset/validation_data/notsmoking/notsmoking_0279.jpg,0,notsmoking,all
dataset/validation_data/notsmoking/notsmoking_0281.jpg,0,notsmoking,all
dataset/validation_data/notsmoking/notsmoking_0283.jpg,0,notsmoking,all
dataset/validation_data/notsmoking/notsmoking_0294.jpg,0,notsmoking,all
dataset/validation_data/notsmoking/notsmoking_0295.jpg,0,notsmoking,all
dataset/validation_data/notsmoking/notsmoking_0296.jpg,0,notsmoking,all
dataset/validation_data/notsmoking/notsmoking_0300.jpg,0,notsmoking,all
dataset/validation_data/notsmoking/notsmoking_0307.jpg,0,notsmoking,all
dataset/validation_data/notsmoking/notsmoking_0309.jpg,0,notsmoking,all
dataset/validation_data/notsmoking/notsmoking_0318.jpg,0,notsmoking,all
dataset/validation_data/notsmoking/notsmoking_0338.jpg,0,notsmoking,all
dataset/validation_data/notsmoking/notsmoking_0339.jpg,0,notsmoking,all
dataset/validation_data/notsmoking/notsmoking_0345.jpg,0,notsmoking,all
dataset/validation_data/notsmoking/notsmoking_0349.jpg,0,notsmoking,all
dataset/validation_data/notsmoking/notsmoking_0353.JPG,0,notsmoking,all
dataset/validation_data/notsmoking/notsmoking_0355.jpg,0,notsmoking,all
dataset/validation_data/notsmoking/notsmoking_0362.jpg,0,notsmoking,all
dataset/validation_data/notsmoking/notsmoking_0367.jpg,0,notsmoking,all
dataset/validation_data/notsmoking/notsmoking_0371.jpg,0,notsmoking,all
dataset/validation_data/notsmoking/notsmoking_0377.jpg,0,notsmoking,all
dataset/validation_data/notsmoking/notsmoking_0384.jpg,0,notsmoking,all
dataset/validation_data/notsmoking/notsmoking_0385.jpg,0,notsmoking,all
dataset/validation_data/notsmoking/notsmoking_0394.jpg,0,notsmoking,all
dataset/validation_data/notsmoking/notsmoking_0396.jpg,0,notsmoking,all
dataset/validation_data/notsmoking/notsmoking_0406.jpg,0,notsmoking,all
dataset/validation_data/notsmoking/notsmoking_0426.jpg,0,notsmoking,all
dataset/validation_data/notsmoking/notsmoking_0431.jpg,0,notsmoking,all
dataset/validation_data/notsmoking/notsmoking_0432.jpg,0,notsmoking,all
dataset/validation_data/notsmoking/notsmoking_0440.jpg,0,notsmoking,all
dataset/validation_data/notsmoking/notsmoking_0442.jpg,0,notsmoking,all
dataset/validation_data/notsmoking/notsmoking_0469.jpg,0,notsmoking,all
dataset/validation_data/notsmoking/notsmoking_0485.jpg,0,notsmoking,all
dataset/validation_data/notsmoking/notsmoking_0492.jpg,0,notsmoking,all
dataset/validation_data/notsmoking/notsmoking_0499.jpg,0,notsmoking,all
dataset/validation_data/notsmoking/notsmoking_0508.jpg,0,notsmoking,all
dataset/validation_data/notsmoking/notsmoking_0531.jpg,0,notsmoking,all
dataset/validation_data/notsmoking/notsmoking_0532.jpg,0,notsmoking,all
dataset/validation_data/notsmoking/notsmoking_0551.jpg,0,notsmoking,all
dataset/validation_data/notsmoking/notsmoking_0554.jpg,0,notsmoking,all
dataset/validation_data/notsmoking/notsmoking_0555.jpg,0,notsmoking,all
dataset/validation_data/notsmoking/notsmoking_0560.jpg,0,notsmoking,all
dataset/validation_data/notsmoking/notsmoking_0564.jpg,0,notsmoking,all
dataset/validation_data/notsmoking/notsmoking_0575.jpg,0,notsmoking,all
dataset/validation_data/notsmoking/notsmoking_0577.jpg,0,notsmoking,all
dataset/validation_data/notsmoking/notsmoking_0585.jpg,0,notsmoking,all
dataset/validation_data/notsmoking/notsmoking_0587.jpg,0,notsmoking,all
dataset/validation_data/notsmoking/notsmoking_0593.jpg,0,notsmoking,all
dataset/validation_data/notsmoking/notsmoking_0597.jpg,0,notsmoking,all
dataset/validation_data/notsmoking/notsmoking_0601.jpg,0,notsmoking,all
dataset/validation_data/notsmoking/notsmoking_0605.jpg,0,notsmoking,all
dataset/validation_data/notsmoking/notsmoking_0612.jpg,0,notsmoking,all
dataset/validation_data/notsmoking/notsmoking_0620.jpg,0,notsmoking,all
dataset/validation_data/notsmoking/notsmoking_0628.jpg,0,notsmoking,all
dataset/validation_data/notsmoking/notsmoking_0631.jpg,0,notsmoking,all
dataset/validation_data/notsmoking/notsmoking_0640.jpg,0,notsmoking,all
dataset/validation_data/notsmoking/notsmoking_0650.jpg,0,notsmoking,all
dataset/validation_data/notsmoking/notsmoking_0652.jpg,0,notsmoking,all
dataset/validation_data/notsmoking/notsmoking_0669.jpg,0,notsmoking,all
dataset/validation_data/notsmoking/notsmoking_0680.jpg,0,notsmoking,all
dataset/validation_data/notsmoking/notsmoking_0691.jpg,0,notsmoking,all
dataset/validation_data/notsmoking/notsmoking_0700.jpg,0,notsmoking,all
dataset/validation_data/notsmoking/notsmoking_0704.jpg,0,notsmoking,all
dataset/validation_data/notsmoking/notsmoking_0707.jpg,0,notsmoking,all
dataset/validation_data/notsmoking/notsmoking_0708.jpg,0,notsmoking,all
dataset/validation_data/notsmoking/notsmoking_0709.jpg,0,notsmoking,all
dataset/validation_data/notsmoking/notsmoking_0712.jpg,0,notsmoking,all
dataset/validation_data/notsmoking/notsmoking_0717.jpg,0,notsmoking,all
dataset/validation_data/notsmoking/notsmoking_0719.jpg,0,notsmoking,all
dataset/validation_data/notsmoking/notsmoking_0721.jpg,0,notsmoking,all
dataset/validation_data/notsmoking/notsmoking_0730.jpg,0,notsmoking,all
dataset/validation_data/notsmoking/notsmoking_0740.jpg,0,notsmoking,all
dataset/validation_data/notsmoking/notsmoking_0747.jpg,0,notsmoking,all
dataset/validation_data/notsmoking/notsmoking_0750.jpg,0,notsmoking,all
dataset/validation_data/notsmoking/notsmoking_0752.jpg,0,notsmoking,all
dataset/validation_data/notsmoking/notsmoking_0767.jpg,0,notsmoking,all
dataset/validation_data/notsmoking/notsmoking_0769.JPG,0,notsmoking,all
dataset/validation_data/notsmoking/notsmoking_0773.JPG,0,notsmoking,all
dataset/validation_data/notsmoking/notsmoking_0775.JPG,0,notsmoking,all
dataset/validation_data/notsmoking/notsmoking_0776.jpg,0,notsmoking,all
dataset/validation_data/notsmoking/notsmoking_0777.jpg,0,notsmoking,all
dataset/validation_data/notsmoking/notsmoking_0784.jpg,0,notsmoking,all
dataset/validation_data/notsmoking/notsmoking_0791.JPG,0,notsmoking,all
dataset/validation_data/notsmoking/notsmoking_0798.jpg,0,notsmoking,all
dataset/validation_data/notsmoking/notsmoking_0802.jpg,0,notsmoking,all
dataset/validation_data/notsmoking/notsmoking_0805.jpg,0,notsmoking,all
dataset/validation_data/notsmoking/notsmoking_0813.jpg,0,notsmoking,all
dataset/validation_data/notsmoking/notsmoking_0814.jpg,0,notsmoking,all
dataset/validation_data/notsmoking/notsmoking_0816.jpg,0,notsmoking,all
dataset/validation_data/notsmoking/notsmoking_0823.jpg,0,notsmoking,all
dataset/validation_data/notsmoking/notsmoking_0825.jpg,0,notsmoking,all
dataset/validation_data/notsmoking/notsmoking_0837.jpg,0,notsmoking,all
dataset/validation_data/notsmoking/notsmoking_0839.jpg,0,notsmoking,all
dataset/validation_data/notsmoking/notsmoking_0849.jpg,0,notsmoking,all
dataset/validation_data/notsmoking/notsmoking_0856.jpg,0,notsmoking,all
dataset/validation_data/notsmoking/notsmoking_0860.jpg,0,notsmoking,all
dataset/validation_data/notsmoking/notsmoking_0861.jpg,0,notsmoking,all
dataset/validation_data/notsmoking/notsmoking_0872.jpg,0,notsmoking,all
dataset/validation_data/notsmoking/notsmoking_0877.jpg,0,notsmoking,all
dataset/validation_data/notsmoking/notsmoking_0882.jpg,0,notsmoking,all
dataset/validation_data/notsmoking/notsmoking_0890.jpg,0,notsmoking,all
dataset/validation_data/notsmoking/notsmoking_0896.jpg,0,notsmoking,all
dataset/validation_data/notsmoking/notsmoking_0898.jpg,0,notsmoking,all
dataset/validation_data/notsmoking/notsmoking_0899.jpg,0,notsmoking,all
dataset/validation_data/notsmoking/notsmoking_0903.jpg,0,notsmoking,all
dataset/validation_data/notsmoking/notsmoking_0907.jpg,0,notsmoking,all
dataset/validation_data/notsmoking/notsmoking_0912.jpg,0,notsmoking,all
dataset/validation_data/notsmoking/notsmoking_0917.jpg,0,notsmoking,all
dataset/validation_data/notsmoking/notsmoking_0920.jpg,0,notsmoking,all
dataset/validation_data/notsmoking/notsmoking_0923.jpg,0,notsmoking,all
dataset/validation_data/notsmoking/notsmoking_0925.jpg,0,notsmoking,all
dataset/validation_data/notsmoking/notsmoking_0926.jpg,0,notsmoking,all
dataset/validation_data/notsmoking/notsmoking_0931.jpg,0,notsmoking,all
dataset/validation_data/notsmoking/notsmoking_0934.jpg,0,notsmoking,all
dataset/validation_data/notsmoking/notsmoking_0936.jpg,0,notsmoking,all
dataset/validation_data/notsmoking/notsmoking_0937.jpg,0,notsmoking,all
dataset/validation_data/notsmoking/notsmoking_0941.jpg,0,notsmoking,all
dataset/validation_data/notsmoking/notsmoking_0944.jpg,0,notsmoking,all
dataset/validation_data/notsmoking/notsmoking_0945.jpg,0,notsmoking,all
dataset/validation_data/notsmoking/notsmoking_0946.jpg,0,notsmoking,all
dataset/validation_data/notsmoking/notsmoking_0955.jpg,0,notsmoking,all
dataset/validation_data/notsmoking/notsmoking_0958.jpg,0,notsmoking,all
dataset/validation_data/notsmoking/notsmoking_0961.jpg,0,notsmoking,all
dataset/validation_data/notsmoking/notsmoking_0962.jpg,0,notsmoking,all
dataset/validation_data/notsmoking/notsmoking_0965.jpg,0,notsmoking,all
dataset/validation_data/notsmoking/notsmoking_0968.jpg,0,notsmoking,all
dataset/validation_data/notsmoking/notsmoking_0969.jpg,0,notsmoking,all
dataset/validation_data/notsmoking/notsmoking_0971.jpg,0,notsmoking,all
dataset/validation_data/notsmoking/notsmoking_0973.jpg,0,notsmoking,all
dataset/validation_data/notsmoking/notsmoking_0976.jpg,0,notsmoking,all
dataset/validation_data/notsmoking/notsmoking_0981.jpg,0,notsmoking,all
dataset/validation_data/notsmoking/notsmoking_0984.jpg,0,notsmoking,all
dataset/validation_data/notsmoking/notsmoking_0988.jpg,0,notsmoking,all
dataset/validation_data/notsmoking/notsmoking_0993.jpg,0,notsmoking,all
dataset/validation_data/notsmoking/notsmoking_0995.jpg,0,notsmoking,all
dataset/validation_data/notsmoking/notsmoking_0998.jpg,0,notsmoking,all
dataset/validation_data/notsmoking/notsmoking_1000.jpg,0,notsmoking,all
dataset/validation_data/notsmoking/notsmoking_1001.jpg,0,notsmoking,all
dataset/validation_data/notsmoking/notsmoking_1002.jpg,0,notsmoking,all
dataset/validation_data/notsmoking/notsmoking_1004.jpg,0,notsmoking,all
dataset/validation_data/notsmoking/notsmoking_1006.jpg,0,notsmoking,all
dataset/validation_data/notsmoking/notsmoking_1018.jpg,0,notsmoking,all
dataset/validation_data/notsmoking/notsmoking_1021.jpg,0,notsmoking,all
dataset/validation_data/notsmoking/notsmoking_1023.jpg,0,notsmoking,all
dataset/validation_data/notsmoking/notsmoking_1030.jpg,0,notsmoking,all
dataset/validation_data/notsmoking/notsmoking_1032.jpg,0,notsmoking,all
dataset/validation_data/notsmoking/notsmoking_1035.jpg,0,notsmoking,all
dataset/validation_data/notsmoking/notsmoking_1037.jpg,0,notsmoking,all
dataset/validation_data/notsmoking/notsmoking_1042.jpg,0,notsmoking,all
dataset/validation_data/notsmoking/notsmoking_1044.jpg,0,notsmoking,all
dataset/validation_data/notsmoking/notsmoking_1049.jpg,0,notsmoking,all
dataset/validation_data/notsmoking/notsmoking_1056.jpg,0,notsmoking,all
dataset/validation_data/notsmoking/notsmoking_1057.jpg,0,notsmoking,all
dataset/validation_data/notsmoking/notsmoking_1065.jpg,0,notsmoking,all
dataset/validation_data/notsmoking/notsmoking_1071.jpg,0,notsmoking,all
dataset/validation_data/notsmoking/notsmoking_1079.jpg,0,notsmoking,all
dataset/validation_data/notsmoking/notsmoking_1081.jpg,0,notsmoking,all
dataset/validation_data/notsmoking/notsmoking_1082.jpg,0,notsmoking,all
dataset/validation_data/notsmoking/notsmoking_1088.jpg,0,notsmoking,all
dataset/validation_data/notsmoking/notsmoking_1094.jpg,0,notsmoking,all
dataset/validation_data/smoking/smoking_0008.jpg,1,smoking,all
dataset/validation_data/smoking/smoking_0013.jpg,1,smoking,all
dataset/validation_data/smoking/smoking_0025.jpg,1,smoking,all
dataset/validation_data/smoking/smoking_0028.jpg,1,smoking,all
dataset/validation_data/smoking/smoking_0031.jpg,1,smoking,all
dataset/validation_data/smoking/smoking_0037.jpg,1,smoking,all
dataset/validation_data/smoking/smoking_0042.jpg,1,smoking,all
dataset/validation_data/smoking/smoking_0050.jpg,1,smoking,all
dataset/validation_data/smoking/smoking_0058.jpg,1,smoking,all
dataset/validation_data/smoking/smoking_0059.jpg,1,smoking,all
dataset/validation_data/smoking/smoking_0061.jpg,1,smoking,all
dataset/validation_data/smoking/smoking_0063.jpg,1,smoking,all
dataset/validation_data/smoking/smoking_0066.jpg,1,smoking,all
dataset/validation_data/smoking/smoking_0067.jpg,1,smoking,all
dataset/validation_data/smoking/smoking_0085.jpg,1,smoking,all
dataset/validation_data/smoking/smoking_0089.jpg,1,smoking,all
dataset/validation_data/smoking/smoking_0096.jpg,1,smoking,all
dataset/validation_data/smoking/smoking_0107.jpg,1,smoking,all
dataset/validation_data/smoking/smoking_0115.jpg,1,smoking,all
dataset/validation_data/smoking/smoking_0121.jpg,1,smoking,all
dataset/validation_data/smoking/smoking_0123.jpg,1,smoking,all
dataset/validation_data/smoking/smoking_0135.jpg,1,smoking,all
dataset/validation_data/smoking/smoking_0140.jpg,1,smoking,all
dataset/validation_data/smoking/smoking_0145.jpg,1,smoking,all
dataset/validation_data/smoking/smoking_0149.jpg,1,smoking,all
dataset/validation_data/smoking/smoking_0150.jpg,1,smoking,all
dataset/validation_data/smoking/smoking_0164.jpg,1,smoking,all
dataset/validation_data/smoking/smoking_0165.jpg,1,smoking,all
dataset/validation_data/smoking/smoking_0167.jpg,1,smoking,all
dataset/validation_data/smoking/smoking_0169.jpg,1,smoking,all
dataset/validation_data/smoking/smoking_0183.jpg,1,smoking,all
dataset/validation_data/smoking/smoking_0190.jpg,1,smoking,all
dataset/validation_data/smoking/smoking_0191.jpg,1,smoking,all
dataset/validation_data/smoking/smoking_0197.jpg,1,smoking,all
dataset/validation_data/smoking/smoking_0202.jpg,1,smoking,all
dataset/validation_data/smoking/smoking_0205.jpg,1,smoking,all
dataset/validation_data/smoking/smoking_0213.jpg,1,smoking,all
dataset/validation_data/smoking/smoking_0217.jpg,1,smoking,all
dataset/validation_data/smoking/smoking_0230.jpg,1,smoking,all
dataset/validation_data/smoking/smoking_0232.jpg,1,smoking,all
dataset/validation_data/smoking/smoking_0241.jpg,1,smoking,all
dataset/validation_data/smoking/smoking_0250.jpg,1,smoking,all
dataset/validation_data/smoking/smoking_0256.jpg,1,smoking,all
dataset/validation_data/smoking/smoking_0261.jpg,1,smoking,all
dataset/validation_data/smoking/smoking_0263.jpg,1,smoking,all
dataset/validation_data/smoking/smoking_0266.jpg,1,smoking,all
dataset/validation_data/smoking/smoking_0273.jpg,1,smoking,all
dataset/validation_data/smoking/smoking_0276.jpg,1,smoking,all
dataset/validation_data/smoking/smoking_0282.jpg,1,smoking,all
dataset/validation_data/smoking/smoking_0284.jpg,1,smoking,all
dataset/validation_data/smoking/smoking_0292.jpg,1,smoking,all
dataset/validation_data/smoking/smoking_0295.jpg,1,smoking,all
dataset/validation_data/smoking/smoking_0296.jpg,1,smoking,all
dataset/validation_data/smoking/smoking_0300.jpg,1,smoking,all
dataset/validation_data/smoking/smoking_0305.jpg,1,smoking,all
dataset/validation_data/smoking/smoking_0308.jpg,1,smoking,all
dataset/validation_data/smoking/smoking_0334.jpg,1,smoking,all
dataset/validation_data/smoking/smoking_0347.jpg,1,smoking,all
dataset/validation_data/smoking/smoking_0355.jpg,1,smoking,all
dataset/validation_data/smoking/smoking_0360.jpg,1,smoking,all
dataset/validation_data/smoking/smoking_0363.jpg,1,smoking,all
dataset/validation_data/smoking/smoking_0364.jpg,1,smoking,all
dataset/validation_data/smoking/smoking_0374.jpg,1,smoking,all
dataset/validation_data/smoking/smoking_0377.jpg,1,smoking,all
dataset/validation_data/smoking/smoking_0385.jpg,1,smoking,all
dataset/validation_data/smoking/smoking_0390.jpg,1,smoking,all
dataset/validation_data/smoking/smoking_0397.jpg,1,smoking,all
dataset/validation_data/smoking/smoking_0400.jpg,1,smoking,all
dataset/validation_data/smoking/smoking_0402.jpg,1,smoking,all
dataset/validation_data/smoking/smoking_0404.jpg,1,smoking,all
dataset/validation_data/smoking/smoking_0405.jpg,1,smoking,all
dataset/validation_data/smoking/smoking_0406.jpg,1,smoking,all
dataset/validation_data/smoking/smoking_0409.jpg,1,smoking,all
dataset/validation_data/smoking/smoking_0414.jpg,1,smoking,all
dataset/validation_data/smoking/smoking_0418.jpg,1,smoking,all
dataset/validation_data/smoking/smoking_0422.jpg,1,smoking,all
dataset/validation_data/smoking/smoking_0437.jpg,1,smoking,all
dataset/validation_data/smoking/smoking_0444.jpg,1,smoking,all
dataset/validation_data/smoking/smoking_0466.jpg,1,smoking,all
dataset/validation_data/smoking/smoking_0481.jpg,1,smoking,all
dataset/validation_data/smoking/smoking_0488.jpg,1,smoking,all
dataset/validation_data/smoking/smoking_0503.jpg,1,smoking,all
dataset/validation_data/smoking/smoking_0508.jpg,1,smoking,all
dataset/validation_data/smoking/smoking_0520.jpg,1,smoking,all
dataset/validation_data/smoking/smoking_0524.jpg,1,smoking,all
dataset/validation_data/smoking/smoking_0542.jpg,1,smoking,all
dataset/validation_data/smoking/smoking_0555.jpg,1,smoking,all
dataset/validation_data/smoking/smoking_0562.jpg,1,smoking,all
dataset/validation_data/smoking/smoking_0570.jpg,1,smoking,all
dataset/validation_data/smoking/smoking_0571.jpg,1,smoking,all
dataset/validation_data/smoking/smoking_0592.jpg,1,smoking,all
dataset/validation_data/smoking/smoking_0594.jpg,1,smoking,all
dataset/validation_data/smoking/smoking_0610.jpg,1,smoking,all
dataset/validation_data/smoking/smoking_0614.jpg,1,smoking,all
dataset/validation_data/smoking/smoking_0619.jpg,1,smoking,all
dataset/validation_data/smoking/smoking_0638.jpg,1,smoking,all
dataset/validation_data/smoking/smoking_0645.jpg,1,smoking,all
dataset/validation_data/smoking/smoking_0647.jpg,1,smoking,all
dataset/validation_data/smoking/smoking_0651.jpg,1,smoking,all
dataset/validation_data/smoking/smoking_0656.jpg,1,smoking,all
dataset/validation_data/smoking/smoking_0662.jpg,1,smoking,all
dataset/validation_data/smoking/smoking_0673.jpg,1,smoking,all
dataset/validation_data/smoking/smoking_0676.jpg,1,smoking,all
dataset/validation_data/smoking/smoking_0679.jpg,1,smoking,all
dataset/validation_data/smoking/smoking_0680.jpg,1,smoking,all
dataset/validation_data/smoking/smoking_0681.jpg,1,smoking,all
dataset/validation_data/smoking/smoking_0683.jpg,1,smoking,all
dataset/validation_data/smoking/smoking_0685.jpg,1,smoking,all
dataset/validation_data/smoking/smoking_0692.jpg,1,smoking,all
dataset/validation_data/smoking/smoking_0695.jpg,1,smoking,all
dataset/validation_data/smoking/smoking_0700.jpg,1,smoking,all
dataset/validation_data/smoking/smoking_0702.jpg,1,smoking,all
dataset/validation_data/smoking/smoking_0710.jpg,1,smoking,all
dataset/validation_data/smoking/smoking_0713.jpg,1,smoking,all
dataset/validation_data/smoking/smoking_0715.jpg,1,smoking,all
dataset/validation_data/smoking/smoking_0716.jpg,1,smoking,all
dataset/validation_data/smoking/smoking_0723.jpg,1,smoking,all
dataset/validation_data/smoking/smoking_0747.jpg,1,smoking,all
dataset/validation_data/smoking/smoking_0752.jpg,1,smoking,all
dataset/validation_data/smoking/smoking_0754.jpg,1,smoking,all
dataset/validation_data/smoking/smoking_0764.jpg,1,smoking,all
dataset/validation_data/smoking/smoking_0772.jpg,1,smoking,all
dataset/validation_data/smoking/smoking_0783.jpg,1,smoking,all
dataset/validation_data/smoking/smoking_0788.jpg,1,smoking,all
dataset/validation_data/smoking/smoking_0802.jpg,1,smoking,all
dataset/validation_data/smoking/smoking_0819.jpg,1,smoking,all
dataset/validation_data/smoking/smoking_0827.jpg,1,smoking,all
dataset/validation_data/smoking/smoking_0830.jpg,1,smoking,all
dataset/validation_data/smoking/smoking_0834.jpg,1,smoking,all
dataset/validation_data/smoking/smoking_0838.jpg,1,smoking,all
dataset/validation_data/smoking/smoking_0841.jpg,1,smoking,all
dataset/validation_data/smoking/smoking_0843.jpg,1,smoking,all
dataset/validation_data/smoking/smoking_0845.jpg,1,smoking,all
dataset/validation_data/smoking/smoking_0846.jpg,1,smoking,all
dataset/validation_data/smoking/smoking_0849.jpg,1,smoking,all
dataset/validation_data/smoking/smoking_0858.jpg,1,smoking,all
dataset/validation_data/smoking/smoking_0859.jpg,1,smoking,all
dataset/validation_data/smoking/smoking_0860.jpg,1,smoking,all
dataset/validation_data/smoking/smoking_0864.jpg,1,smoking,all
dataset/validation_data/smoking/smoking_0868.jpg,1,smoking,all
dataset/validation_data/smoking/smoking_0878.jpg,1,smoking,all
dataset/validation_data/smoking/smoking_0881.jpg,1,smoking,all
dataset/validation_data/smoking/smoking_0894.jpg,1,smoking,all
dataset/validation_data/smoking/smoking_0902.jpg,1,smoking,all
dataset/validation_data/smoking/smoking_0903.jpg,1,smoking,all
dataset/validation_data/smoking/smoking_0914.jpg,1,smoking,all
dataset/validation_data/smoking/smoking_0916.jpg,1,smoking,all
dataset/validation_data/smoking/smoking_0918.jpg,1,smoking,all
dataset/validation_data/smoking/smoking_0923.jpg,1,smoking,all
dataset/validation_data/smoking/smoking_0929.jpg,1,smoking,all
dataset/validation_data/smoking/smoking_0934.jpg,1,smoking,all
dataset/validation_data/smoking/smoking_0937.jpg,1,smoking,all
dataset/validation_data/smoking/smoking_0939.jpg,1,smoking,all
dataset/validation_data/smoking/smoking_0940.jpg,1,smoking,all
dataset/validation_data/smoking/smoking_0942.jpg,1,smoking,all
dataset/validation_data/smoking/smoking_0943.jpg,1,smoking,all
dataset/validation_data/smoking/smoking_0945.jpg,1,smoking,all
dataset/validation_data/smoking/smoking_0947.jpg,1,smoking,all
dataset/validation_data/smoking/smoking_0953.jpg,1,smoking,all
dataset/validation_data/smoking/smoking_0970.jpg,1,smoking,all
dataset/validation_data/smoking/smoking_0972.jpg,1,smoking,all
dataset/validation_data/smoking/smoking_0974.jpg,1,smoking,all
dataset/validation_data/smoking/smoking_0978.jpg,1,smoking,all
dataset/validation_data/smoking/smoking_0982.jpg,1,smoking,all
dataset/validation_data/smoking/smoking_0985.jpg,1,smoking,all
dataset/validation_data/smoking/smoking_0988.jpg,1,smoking,all
dataset/validation_data/smoking/smoking_0993.jpg,1,smoking,all
dataset/validation_data/smoking/smoking_0996.jpg,1,smoking,all
dataset/validation_data/smoking/smoking_0998.jpg,1,smoking,all
dataset/validation_data/smoking/smoking_1000.jpg,1,smoking,all
dataset/validation_data/smoking/smoking_1004.jpg,1,smoking,all
dataset/validation_data/smoking/smoking_1005.jpg,1,smoking,all
dataset/validation_data/smoking/smoking_1009.jpg,1,smoking,all
dataset/validation_data/smoking/smoking_1024.jpg,1,smoking,all
dataset/validation_data/smoking/smoking_1027.jpg,1,smoking,all
dataset/validation_data/smoking/smoking_1030.jpg,1,smoking,all
dataset/validation_data/smoking/smoking_1033.jpg,1,smoking,all
dataset/validation_data/smoking/smoking_1034.jpg,1,smoking,all
dataset/validation_data/smoking/smoking_1035.jpg,1,smoking,all
dataset/validation_data/smoking/smoking_1042.jpg,1,smoking,all
dataset/validation_data/smoking/smoking_1044.jpg,1,smoking,all
dataset/validation_data/smoking/smoking_1054.jpg,1,smoking,all
dataset/validation_data/smoking/smoking_1057.jpg,1,smoking,all
dataset/validation_data/smoking/smoking_1059.jpg,1,smoking,all
dataset/validation_data/smoking/smoking_1062.jpg,1,smoking,all
dataset/validation_data/smoking/smoking_1065.jpg,1,smoking,all
dataset/validation_data/smoking/smoking_1070.jpg,1,smoking,all
dataset/validation_data/smoking/smoking_1072.jpg,1,smoking,all
dataset/validation_data/smoking/smoking_1076.jpg,1,smoking,all
dataset/validation_data/smoking/smoking_1078.jpg,1,smoking,all
dataset/validation_data/smoking/smoking_1081.jpg,1,smoking,all
dataset/validation_data/smoking/smoking_1085.jpg,1,smoking,all
dataset/validation_data/smoking/smoking_1089.jpg,1,smoking,all
dataset/validation_data/smoking/smoking_1096.jpg,1,smoking,all
dataset/validation_data/smoking/smoking_1103.jpg,1,smoking,all
dataset/validation_data/smoking/smoking_1106.jpg,1,smoking,all
dataset/validation_data/smoking/smoking_1111.jpg,1,smoking,all
dataset/validation_data/smoking/smoking_1116.jpg,1,smoking,all
dataset/validation_data/smoking/smoking_1121.jpg,1,smoking,all
dataset/validation_data/smoking/smoking_1126.jpg,1,smoking,all
